data_pagamento,plano,uf_benef,despesa,receita
2024-01-01,Alfa,AC,1214800.84,1088695.31
2024-01-01,Alfa,AL,142527.63,127732.19
2024-01-01,Alfa,AP,44031.34,39460.56
2024-01-01,Alfa,AM,739987.45,663171.17
2024-01-01,Alfa,BA,718236.1,643677.77
2024-01-01,Alfa,CE,1591521.06,1426309.15
2024-01-01,Alfa,DF,40392.58,36199.53
2024-01-01,Alfa,ES,533119.67,477777.82
2024-01-01,Alfa,GO,35880.36,32155.71
2024-01-01,Alfa,MA,554750.27,497163.01
2024-01-01,Alfa,MT,881940.76,790388.65
2024-01-01,Alfa,MS,197084.81,176625.91
2024-01-01,Alfa,MG,627371.59,562245.68
2024-01-01,Alfa,PA,78332.33,70200.84
2024-01-01,Alfa,PB,46649.6,41807.02
2024-01-01,Alfa,PR,160552.76,143886.17
2024-01-01,Alfa,PE,459072.27,411417.1
2024-01-01,Alfa,PI,210375.35,188536.8
2024-01-01,Alfa,RJ,635420.28,569458.85
2024-01-01,Alfa,RN,113890.14,102067.48
2024-01-01,Alfa,RS,936264.82,839073.46
2024-01-01,Alfa,RO,625079.38,560191.42
2024-01-01,Alfa,RR,334063.55,299385.23
2024-01-01,Alfa,SC,212464.6,190409.17
2024-01-01,Alfa,SP,230921.73,206950.31
2024-01-01,Alfa,SE,39263.21,35187.4
2024-01-01,Alfa,TO,91504.94,82006.04
2024-01-01,Beta,AC,202561.86,175765.18000000002
2024-01-01,Beta,AL,658845.18,571687.26
2024-01-01,Beta,AP,369232.01,320386.7
2024-01-01,Beta,AM,123997.91,107594.36
2024-01-01,Beta,BA,240297.56,208508.86
2024-01-01,Beta,CE,334349.21,290118.51
2024-01-01,Beta,DF,179189.78,155484.96
2024-01-01,Beta,ES,167764.99,145571.54
2024-01-01,Beta,GO,458049.01,397454.2
2024-01-01,Beta,MA,154754.92,134282.56
2024-01-01,Beta,MT,695063.0,603113.86
2024-01-01,Beta,MS,724852.92,628962.91
2024-01-01,Beta,MG,564973.06,490233.38
2024-01-01,Beta,PA,38058.94,33024.17
2024-01-01,Beta,PB,591022.67,512836.91
2024-01-01,Beta,PR,705817.29,612445.48
2024-01-01,Beta,PE,584754.32,507397.8
2024-01-01,Beta,PI,145948.44,126641.07
2024-01-01,Beta,RJ,167256.85,145130.62
2024-01-01,Beta,RN,86373.76,74947.47
2024-01-01,Beta,RS,184677.6,160246.8
2024-01-01,Beta,RO,11017.05,9559.61
2024-01-01,Beta,RR,87218.29,75680.27
2024-01-01,Beta,SC,685345.8,594682.14
2024-01-01,Beta,SP,2082400.31,1806921.81
2024-01-01,Beta,SE,293689.56,254837.68
2024-01-01,Beta,TO,148028.14,128445.66
2024-01-01,Gamma,AC,55155.4,62300.57
2024-01-01,Gamma,AL,19787.31,22350.69
2024-01-01,Gamma,AP,165359.08,186780.74
2024-01-01,Gamma,AM,210009.99,237216.01
2024-01-01,Gamma,BA,230152.45,259967.85
2024-01-01,Gamma,CE,810502.13,915499.72
2024-01-01,Gamma,DF,321561.26,363218.35
2024-01-01,Gamma,ES,251072.82,283598.39
2024-01-01,Gamma,GO,159278.86,179912.85
2024-01-01,Gamma,MA,90443.07,102159.64
2024-01-01,Gamma,MT,6785.4,7664.43
2024-01-01,Gamma,MS,146016.14,164932.0
2024-01-01,Gamma,MG,94848.1,107135.33
2024-01-01,Gamma,PA,230175.69,259994.1
2024-01-01,Gamma,PB,309554.78,349656.47
2024-01-01,Gamma,PR,50687.09,57253.41
2024-01-01,Gamma,PE,7593.97,8577.74
2024-01-01,Gamma,PI,141165.15,159452.58
2024-01-01,Gamma,RJ,389754.72,440246.01
2024-01-01,Gamma,RN,125328.62,141564.48
2024-01-01,Gamma,RS,325267.77,367405.02
2024-01-01,Gamma,RO,114940.4,129830.51
2024-01-01,Gamma,RR,200568.45,226551.36
2024-01-01,Gamma,SC,44079.92,49790.32
2024-01-01,Gamma,SP,20517.49,23175.46
2024-01-01,Gamma,SE,21748.32,24565.73
2024-01-01,Gamma,TO,17963.07,20290.11
2024-01-01,Delta,AC,283599.45999999996,348613.35
2024-01-01,Delta,AL,74115.98,91106.73
2024-01-01,Delta,AP,63793.0,78417.25
2024-01-01,Delta,AM,154465.24,189875.69
2024-01-01,Delta,BA,30938.58,38031.11
2024-01-01,Delta,CE,316922.34,389575.35
2024-01-01,Delta,DF,213444.9,262376.17
2024-01-01,Delta,ES,54394.32,66863.97
2024-01-01,Delta,GO,33139.9,40737.08
2024-01-01,Delta,MA,87730.1,107841.82
2024-01-01,Delta,MT,50361.31,61906.41
2024-01-01,Delta,MS,12512.84,15381.35
2024-01-01,Delta,MG,83193.44,102265.16
2024-01-01,Delta,PA,372034.32,457321.5
2024-01-01,Delta,PB,166672.75,204881.73
2024-01-01,Delta,PR,509247.16,625989.76
2024-01-01,Delta,PE,338092.42,415598.56
2024-01-01,Delta,PI,184687.68,227026.49
2024-01-01,Delta,RJ,305738.9,375828.15
2024-01-01,Delta,RN,120096.69,147628.31
2024-01-01,Delta,RS,176420.07,216863.57
2024-01-01,Delta,RO,62816.21,77216.54
2024-01-01,Delta,RR,36190.08,44486.49
2024-01-01,Delta,SC,354363.2,435599.35
2024-01-01,Delta,SP,23179.54,28493.35
2024-01-01,Delta,SE,31042.92,38159.36
2024-01-01,Delta,TO,51255.24,63005.27
2024-01-01,Epsilon,AC,67218.94,75792.38
2024-01-01,Epsilon,AL,111179.05,125359.33
2024-01-01,Epsilon,AP,350808.11,395551.76
2024-01-01,Epsilon,AM,250418.2,282357.68
2024-01-01,Epsilon,BA,190243.06,214507.52
2024-01-01,Epsilon,CE,27767.02,31308.55
2024-01-01,Epsilon,DF,193195.01,217835.98
2024-01-01,Epsilon,ES,73819.91,83235.23
2024-01-01,Epsilon,GO,20102.65,22666.63
2024-01-01,Epsilon,MA,64877.84,73152.65
2024-01-01,Epsilon,MT,11460.49,12922.21
2024-01-01,Epsilon,MS,148635.26,167592.87
2024-01-01,Epsilon,MG,157827.33,177957.34
2024-01-01,Epsilon,PA,47802.52,53899.46
2024-01-01,Epsilon,PB,7445.92,8395.61
2024-01-01,Epsilon,PR,443315.85,499858.36
2024-01-01,Epsilon,PE,131209.03,147944.02
2024-01-01,Epsilon,PI,241704.37,272532.44
2024-01-01,Epsilon,RJ,57303.69,64612.46
2024-01-01,Epsilon,RN,272294.08,307023.7
2024-01-01,Epsilon,RS,266588.08,300589.93
2024-01-01,Epsilon,RO,15127.25,17056.65
2024-01-01,Epsilon,RR,882241.09,994766.11
2024-01-01,Epsilon,SC,109410.74,123365.48
2024-01-01,Epsilon,SP,227034.81,255991.85
2024-01-01,Epsilon,SE,39583.48,44632.14
2024-01-01,Epsilon,TO,159799.92,180181.53
2024-01-01,Omega,AC,269954.05,309011.22
2024-01-01,Omega,AL,77455.63,88661.97
2024-01-01,Omega,AP,130314.52,149168.51
2024-01-01,Omega,AM,88326.93,101106.13
2024-01-01,Omega,BA,126034.72,144269.52
2024-01-01,Omega,CE,78998.7,90428.29
2024-01-01,Omega,DF,102531.51,117365.84
2024-01-01,Omega,ES,4804.06,5499.12
2024-01-01,Omega,GO,265532.3,303949.7
2024-01-01,Omega,MA,419772.56,480505.55
2024-01-01,Omega,MT,97173.32,111232.43
2024-01-01,Omega,MS,569379.87,651758.15
2024-01-01,Omega,MG,28114.73,32182.39
2024-01-01,Omega,PA,465769.89,533157.81
2024-01-01,Omega,PB,60943.2,69760.5
2024-01-01,Omega,PR,111842.12,128023.51
2024-01-01,Omega,PE,407620.18,466594.96
2024-01-01,Omega,PI,21229.91,24301.47
2024-01-01,Omega,RJ,31944.81,36566.61
2024-01-01,Omega,RN,224556.03,257044.96
2024-01-01,Omega,RS,164316.13,188089.51
2024-01-01,Omega,RO,48166.67,55135.46
2024-01-01,Omega,RR,74157.66,84886.84
2024-01-01,Omega,SC,125422.71,143568.95
2024-01-01,Omega,SP,317759.72,363733.43
2024-01-01,Omega,SE,59933.92,68605.2
2024-01-01,Omega,TO,127967.42,146481.84
2024-01-01,Capa,AC,1050.73,2359.63
2024-01-01,Capa,AL,7366.48,16543.11
2024-01-01,Capa,AP,1921.71,4315.65
2024-01-01,Capa,AM,4624.63,10385.66
2024-01-01,Capa,BA,1045.14,2347.1
2024-01-01,Capa,CE,642.32,1442.48
2024-01-01,Capa,DF,3944.39,8858.03
2024-01-01,Capa,ES,4894.04,10990.68
2024-01-01,Capa,GO,3283.12,7373.0
2024-01-01,Capa,MA,4099.57,9206.51
2024-01-01,Capa,MT,3517.79,7900.0
2024-01-01,Capa,MS,3770.19,8466.83
2024-01-01,Capa,MG,7784.74,17482.41
2024-01-01,Capa,PA,9748.59,21892.68
2024-01-01,Capa,PB,2286.92,5135.8
2024-01-01,Capa,PR,313.31,703.62
2024-01-01,Capa,PE,4846.67,10884.31
2024-01-01,Capa,PI,2921.65,6561.23
2024-01-01,Capa,RJ,8426.2,18922.94
2024-01-01,Capa,RN,3606.25,8098.66
2024-01-01,Capa,RS,484.31,1087.63
2024-01-01,Capa,RO,3622.6,8135.37
2024-01-01,Capa,RR,1976.48,4438.63
2024-01-01,Capa,SC,397.53,892.75
2024-01-01,Capa,SP,945.52,2123.38
2024-01-01,Capa,SE,12001.72,26952.59
2024-01-01,Capa,TO,1391.19,3124.23
2024-01-01,Iota,AC,1729.54,3483.1299999999997
2024-01-01,Iota,AL,8051.2,16214.33
2024-01-01,Iota,AP,4240.41,8539.78
2024-01-01,Iota,AM,769.95,1550.61
2024-01-01,Iota,BA,31.66,63.76
2024-01-01,Iota,CE,1705.86,3435.43
2024-01-01,Iota,DF,586.61,1181.37
2024-01-01,Iota,ES,8051.62,16215.17
2024-01-01,Iota,GO,415.1,835.97
2024-01-01,Iota,MA,2664.75,5366.54
2024-01-01,Iota,MT,3962.71,7980.5
2024-01-01,Iota,MS,11177.08,22509.55
2024-01-01,Iota,MG,1131.25,2278.23
2024-01-01,Iota,PA,6759.9,13613.78
2024-01-01,Iota,PB,2974.07,5989.48
2024-01-01,Iota,PR,6737.47,13568.6
2024-01-01,Iota,PE,1394.72,2808.83
2024-01-01,Iota,PI,1295.95,2609.92
2024-01-01,Iota,RJ,984.41,1982.51
2024-01-01,Iota,RN,4065.4,8187.32
2024-01-01,Iota,RS,2529.94,5095.04
2024-01-01,Iota,RO,3372.9,6792.69
2024-01-01,Iota,RR,4995.91,10061.26
2024-01-01,Iota,SC,4494.49,9051.47
2024-01-01,Iota,SP,4070.86,8198.31
2024-01-01,Iota,SE,5447.35,10970.42
2024-01-01,Iota,TO,134.11,270.09
2024-02-01,Alfa,AC,159810.72,139560.96000000002
2024-02-01,Alfa,AL,87335.81,76269.41
2024-02-01,Alfa,AP,258886.13,226082.42
2024-02-01,Alfa,AM,737987.47,644476.35
2024-02-01,Alfa,BA,118739.86,103694.22
2024-02-01,Alfa,CE,522166.02,456001.86
2024-02-01,Alfa,DF,1081666.64,944607.6
2024-02-01,Alfa,ES,145297.05,126886.32
2024-02-01,Alfa,GO,1567556.2,1368929.62
2024-02-01,Alfa,MA,22003.05,19215.02
2024-02-01,Alfa,MT,13546.97,11830.42
2024-02-01,Alfa,MS,676641.87,590903.92
2024-02-01,Alfa,MG,235123.35,205330.64
2024-02-01,Alfa,PA,220790.53,192813.94
2024-02-01,Alfa,PB,713753.92,623313.47
2024-02-01,Alfa,PR,901674.78,787422.69
2024-02-01,Alfa,PE,300295.41,262244.68
2024-02-01,Alfa,PI,767445.69,670201.9
2024-02-01,Alfa,RJ,368127.39,321481.61
2024-02-01,Alfa,RN,182689.52,159540.75
2024-02-01,Alfa,RS,88634.65,77403.66
2024-02-01,Alfa,RO,501573.59,438018.71
2024-02-01,Alfa,RR,779951.93,681123.46
2024-02-01,Alfa,SC,972674.76,849426.19
2024-02-01,Alfa,SP,110026.43,96084.87
2024-02-01,Alfa,SE,373712.25,326358.8
2024-02-01,Alfa,TO,187003.16,163307.8
2024-02-01,Beta,AC,157461.18000000002,134296.95
2024-02-01,Beta,AL,42053.36,35866.85
2024-02-01,Beta,AP,257481.84,219603.46
2024-02-01,Beta,AM,50410.22,42994.33
2024-02-01,Beta,BA,336092.84,286649.94
2024-02-01,Beta,CE,348061.33,296857.73
2024-02-01,Beta,DF,80893.65,68993.31
2024-02-01,Beta,ES,2202479.0,1878470.44
2024-02-01,Beta,GO,215580.24,183866.05
2024-02-01,Beta,MA,853793.13,728190.9
2024-02-01,Beta,MT,143197.24,122131.37
2024-02-01,Beta,MS,362962.41,309566.7
2024-02-01,Beta,MG,64381.3,54910.11
2024-02-01,Beta,PA,84070.33,71702.67
2024-02-01,Beta,PB,7955.47,6785.13
2024-02-01,Beta,PR,1152428.46,982893.73
2024-02-01,Beta,PE,253444.36,216159.94
2024-02-01,Beta,PI,494135.02,421442.39
2024-02-01,Beta,RJ,619920.2,528723.21
2024-02-01,Beta,RN,128281.47,109409.87
2024-02-01,Beta,RS,2092553.53,1784716.2
2024-02-01,Beta,RO,389984.75,332613.76
2024-02-01,Beta,RR,53773.88,45863.16
2024-02-01,Beta,SC,77080.25,65740.91
2024-02-01,Beta,SP,354092.05,302001.26
2024-02-01,Beta,SE,90597.49,77269.62
2024-02-01,Beta,TO,232806.53,198558.16
2024-02-01,Gamma,AC,8069.45,9356.56
2024-02-01,Gamma,AL,69790.22,80921.89
2024-02-01,Gamma,AP,305278.47,353970.94
2024-02-01,Gamma,AM,14491.4,16802.8
2024-02-01,Gamma,BA,188694.59,218791.71
2024-02-01,Gamma,CE,9814.3,11379.7
2024-02-01,Gamma,DF,520781.65,603847.27
2024-02-01,Gamma,ES,49430.61,57314.88
2024-02-01,Gamma,GO,47658.36,55259.95
2024-02-01,Gamma,MA,211980.84,245792.16
2024-02-01,Gamma,MT,439353.64,509431.34
2024-02-01,Gamma,MS,619883.3,718755.81
2024-02-01,Gamma,MG,268688.73,311545.07
2024-02-01,Gamma,PA,335949.18,389533.68
2024-02-01,Gamma,PB,213291.34,247311.69
2024-02-01,Gamma,PR,37440.42,43412.24
2024-02-01,Gamma,PE,226671.34,262825.82
2024-02-01,Gamma,PI,32451.33,37627.38
2024-02-01,Gamma,RJ,192351.33,223031.72
2024-02-01,Gamma,RN,149200.0,172997.67
2024-02-01,Gamma,RS,69531.52,80621.92
2024-02-01,Gamma,RO,138093.76,160119.96
2024-02-01,Gamma,RR,175451.22,203436.01
2024-02-01,Gamma,SC,45059.37,52246.42
2024-02-01,Gamma,SP,81299.86,94267.33
2024-02-01,Gamma,SE,82203.19,95314.74
2024-02-01,Gamma,TO,21861.96,25348.98
2024-02-01,Delta,AC,174639.57,204226.52
2024-02-01,Delta,AL,203409.74,237870.86
2024-02-01,Delta,AP,97684.9,114234.41
2024-02-01,Delta,AM,102111.99,119411.52
2024-02-01,Delta,BA,67717.13,79189.58
2024-02-01,Delta,CE,198562.97,232202.97
2024-02-01,Delta,DF,69144.03,80858.22
2024-02-01,Delta,ES,163083.86,190713.09
2024-02-01,Delta,GO,108949.4,127407.3
2024-02-01,Delta,MA,102170.1,119479.48
2024-02-01,Delta,MT,489038.99,571890.63
2024-02-01,Delta,MS,365062.19,426910.03
2024-02-01,Delta,MG,162365.56,189873.08
2024-02-01,Delta,PA,203036.97,237434.94
2024-02-01,Delta,PB,25185.07,29451.86
2024-02-01,Delta,PR,78890.07,92255.4
2024-02-01,Delta,PE,221723.52,259287.31
2024-02-01,Delta,PI,174120.37,203619.36
2024-02-01,Delta,RJ,40289.83,47115.63
2024-02-01,Delta,RN,528626.28,618184.69
2024-02-01,Delta,RS,6532.35,7639.04
2024-02-01,Delta,RO,189498.72,221603.07
2024-02-01,Delta,RR,16412.35,19192.88
2024-02-01,Delta,SC,418241.53,489098.86
2024-02-01,Delta,SP,14736.1,17232.65
2024-02-01,Delta,SE,264098.36,308841.18
2024-02-01,Delta,TO,30819.69,36041.08
2024-02-01,Epsilon,AC,89815.13,95160.06999999999
2024-02-01,Epsilon,AL,182444.63,193302.01
2024-02-01,Epsilon,AP,152164.1,161219.47
2024-02-01,Epsilon,AM,104078.73,110272.52
2024-02-01,Epsilon,BA,224042.89,237375.81
2024-02-01,Epsilon,CE,114973.06,121815.17
2024-02-01,Epsilon,DF,425797.37,451136.81
2024-02-01,Epsilon,ES,9484.48,10048.91
2024-02-01,Epsilon,GO,832587.24,882134.97
2024-02-01,Epsilon,MA,128618.55,136272.71
2024-02-01,Epsilon,MT,45808.1,48534.16
2024-02-01,Epsilon,MS,91132.08,96555.4
2024-02-01,Epsilon,MG,193128.09,204621.25
2024-02-01,Epsilon,PA,154871.78,164088.28
2024-02-01,Epsilon,PB,324328.25,343629.2
2024-02-01,Epsilon,PR,353573.08,374614.41
2024-02-01,Epsilon,PE,146906.13,155648.59
2024-02-01,Epsilon,PI,244595.68,259151.71
2024-02-01,Epsilon,RJ,104433.47,110648.36
2024-02-01,Epsilon,RN,17869.68,18933.11
2024-02-01,Epsilon,RS,84501.66,89530.4
2024-02-01,Epsilon,RO,45679.83,48398.26
2024-02-01,Epsilon,RR,306361.92,324593.68
2024-02-01,Epsilon,SC,35563.89,37680.31
2024-02-01,Epsilon,SP,197951.84,209732.06
2024-02-01,Epsilon,SE,353118.66,374132.95
2024-02-01,Epsilon,TO,20797.39,22035.06
2024-02-01,Omega,AC,389300.89999999997,416473.73
2024-02-01,Omega,AL,77010.35,82385.6
2024-02-01,Omega,AP,73453.6,78580.59
2024-02-01,Omega,AM,99106.5,106024.04
2024-02-01,Omega,BA,30736.7,32882.09
2024-02-01,Omega,CE,26877.16,28753.16
2024-02-01,Omega,DF,463718.67,496085.8
2024-02-01,Omega,ES,358339.49,383351.25
2024-02-01,Omega,GO,87883.79,94018.0
2024-02-01,Omega,MA,48279.97,51649.87
2024-02-01,Omega,MT,200611.99,214614.52
2024-02-01,Omega,MS,648911.01,694204.38
2024-02-01,Omega,MG,323462.25,346039.61
2024-02-01,Omega,PA,72546.58,77610.27
2024-02-01,Omega,PB,98837.82,105736.61
2024-02-01,Omega,PR,163502.43,174914.74
2024-02-01,Omega,PE,112058.18,119879.73
2024-02-01,Omega,PI,48366.34,51742.26
2024-02-01,Omega,RJ,47931.08,51276.62
2024-02-01,Omega,RN,161649.43,172932.41
2024-02-01,Omega,RS,521321.36,557709.1
2024-02-01,Omega,RO,28606.83,30603.56
2024-02-01,Omega,RR,177486.8,189875.21
2024-02-01,Omega,SC,391726.36,419068.49
2024-02-01,Omega,SP,1901.09,2033.79
2024-02-01,Omega,SE,81886.87,87602.5
2024-02-01,Omega,TO,201175.82,215217.71
2024-02-01,Capa,AC,8589.57,22631.8
2024-02-01,Capa,AL,1018.32,2683.05
2024-02-01,Capa,AP,215.21,567.02
2024-02-01,Capa,AM,1040.78,2742.25
2024-02-01,Capa,BA,2466.24,6498.05
2024-02-01,Capa,CE,807.25,2126.95
2024-02-01,Capa,DF,1309.15,3449.35
2024-02-01,Capa,ES,4326.11,11398.42
2024-02-01,Capa,GO,53.58,141.16
2024-02-01,Capa,MA,5416.25,14270.73
2024-02-01,Capa,MT,64.46,169.85
2024-02-01,Capa,MS,2919.34,7691.87
2024-02-01,Capa,MG,180.04,474.36
2024-02-01,Capa,PA,975.76,2570.92
2024-02-01,Capa,PB,1780.81,4692.07
2024-02-01,Capa,PR,6631.97,17473.89
2024-02-01,Capa,PE,657.99,1733.68
2024-02-01,Capa,PI,11847.24,31215.08
2024-02-01,Capa,RJ,6640.79,17497.12
2024-02-01,Capa,RN,241.5,636.3
2024-02-01,Capa,RS,27.24,71.77
2024-02-01,Capa,RO,517.63,1363.85
2024-02-01,Capa,RR,2971.46,7829.18
2024-02-01,Capa,SC,18808.14,49555.64
2024-02-01,Capa,SP,1082.91,2853.24
2024-02-01,Capa,SE,4261.11,11227.15
2024-02-01,Capa,TO,255.73,673.8
2024-02-01,Iota,AC,7141.49,12525.73
2024-02-01,Iota,AL,7963.53,13967.56
2024-02-01,Iota,AP,8084.91,14180.46
2024-02-01,Iota,AM,5910.65,10366.93
2024-02-01,Iota,BA,304.58,534.21
2024-02-01,Iota,CE,2960.14,5191.92
2024-02-01,Iota,DF,1567.34,2749.02
2024-02-01,Iota,ES,1682.75,2951.44
2024-02-01,Iota,GO,8023.19,14072.21
2024-02-01,Iota,MA,7741.21,13577.63
2024-02-01,Iota,MT,4200.49,7367.41
2024-02-01,Iota,MS,903.62,1584.9
2024-02-01,Iota,MG,3959.99,6945.59
2024-02-01,Iota,PA,1032.46,1810.87
2024-02-01,Iota,PB,5332.5,9352.9
2024-02-01,Iota,PR,694.91,1218.83
2024-02-01,Iota,PE,4252.11,7457.94
2024-02-01,Iota,PI,1707.18,2994.29
2024-02-01,Iota,RJ,339.41,595.31
2024-02-01,Iota,RN,4957.27,8694.76
2024-02-01,Iota,RS,455.97,799.75
2024-02-01,Iota,RO,15348.79,26920.88
2024-02-01,Iota,RR,2366.64,4150.94
2024-02-01,Iota,SC,1275.6,2237.33
2024-02-01,Iota,SP,716.4,1256.53
2024-02-01,Iota,SE,2620.28,4595.82
2024-02-01,Iota,TO,4996.91,8764.29
2024-03-01,Alfa,AC,1568178.95,1343064.98
2024-03-01,Alfa,AL,718251.8,615145.88
2024-03-01,Alfa,AP,82600.33,70742.95
2024-03-01,Alfa,AM,1498026.15,1282982.67
2024-03-01,Alfa,BA,186943.38,160107.43
2024-03-01,Alfa,CE,1573882.67,1347949.9
2024-03-01,Alfa,DF,143608.43,122993.27
2024-03-01,Alfa,ES,243421.51,208478.05
2024-03-01,Alfa,GO,530578.83,454413.59
2024-03-01,Alfa,MA,34108.7,29212.36
2024-03-01,Alfa,MT,1219313.86,1044279.87
2024-03-01,Alfa,MS,207671.69,177860.17
2024-03-01,Alfa,MG,120025.44,102795.64
2024-03-01,Alfa,PA,28101.83,24067.78
2024-03-01,Alfa,PB,11791.43,10098.75
2024-03-01,Alfa,PR,13495.21,11557.95
2024-03-01,Alfa,PE,176513.13,151174.45
2024-03-01,Alfa,PI,169025.35,144761.56
2024-03-01,Alfa,RJ,472428.11,404610.48
2024-03-01,Alfa,RN,1060068.77,907894.61
2024-03-01,Alfa,RS,542795.53,464876.58
2024-03-01,Alfa,RO,504783.7,432321.38
2024-03-01,Alfa,RR,256377.65,219574.33
2024-03-01,Alfa,SC,448105.98,383779.82
2024-03-01,Alfa,SP,370616.67,317414.19
2024-03-01,Alfa,SE,24854.33,21286.46
2024-03-01,Alfa,TO,124392.95,106536.19
2024-03-01,Beta,AC,33937.36,30270.940000000002
2024-03-01,Beta,AL,201978.86,180158.13
2024-03-01,Beta,AP,26190.71,23361.2
2024-03-01,Beta,AM,664233.27,592473.0
2024-03-01,Beta,BA,679891.47,606439.57
2024-03-01,Beta,CE,47570.83,42431.53
2024-03-01,Beta,DF,38049.93,33939.21
2024-03-01,Beta,ES,1381949.91,1232651.31
2024-03-01,Beta,GO,138519.51,123554.59
2024-03-01,Beta,MA,311092.06,277483.31
2024-03-01,Beta,MT,271434.43,242110.08
2024-03-01,Beta,MS,562203.27,501465.78
2024-03-01,Beta,MG,457692.36,408245.69
2024-03-01,Beta,PA,1010496.7,901327.95
2024-03-01,Beta,PB,83238.74,74246.07
2024-03-01,Beta,PR,455952.58,406693.86
2024-03-01,Beta,PE,189762.13,169261.23
2024-03-01,Beta,PI,315633.2,281533.85
2024-03-01,Beta,RJ,1830033.74,1632326.51
2024-03-01,Beta,RN,238948.23,213133.52
2024-03-01,Beta,RS,520617.99,464373.16
2024-03-01,Beta,RO,282678.68,252139.56
2024-03-01,Beta,RR,86737.68,77366.99
2024-03-01,Beta,SC,8670.85,7734.1
2024-03-01,Beta,SP,688709.78,614305.19
2024-03-01,Beta,SE,42225.56,37663.73
2024-03-01,Beta,TO,86654.82,77293.09
2024-03-01,Gamma,AC,67264.11,79123.14
2024-03-01,Gamma,AL,110221.42,129654.03
2024-03-01,Gamma,AP,112710.5,132581.94
2024-03-01,Gamma,AM,4351.83,5119.08
2024-03-01,Gamma,BA,397459.69,467533.9
2024-03-01,Gamma,CE,730590.51,859397.42
2024-03-01,Gamma,DF,123308.75,145048.73
2024-03-01,Gamma,ES,74403.27,87520.95
2024-03-01,Gamma,GO,409022.51,481135.3
2024-03-01,Gamma,MA,96576.87,113603.88
2024-03-01,Gamma,MT,175345.01,206259.25
2024-03-01,Gamma,MS,372658.83,438360.52
2024-03-01,Gamma,MG,77592.1,91271.99
2024-03-01,Gamma,PA,346883.74,408041.15
2024-03-01,Gamma,PB,205939.6,242247.83
2024-03-01,Gamma,PR,184884.93,217481.1
2024-03-01,Gamma,PE,318030.17,374100.55
2024-03-01,Gamma,PI,2633.08,3097.31
2024-03-01,Gamma,RJ,67245.52,79101.26
2024-03-01,Gamma,RN,40627.49,47790.33
2024-03-01,Gamma,RS,59196.98,69633.72
2024-03-01,Gamma,RO,76052.39,89460.82
2024-03-01,Gamma,RR,46372.39,54548.08
2024-03-01,Gamma,SC,107401.43,126336.86
2024-03-01,Gamma,SP,63576.08,74784.87
2024-03-01,Gamma,SE,101041.13,118855.2
2024-03-01,Gamma,TO,117232.7,137901.43
2024-03-01,Delta,AC,153861.56,189482.97999999998
2024-03-01,Delta,AL,186468.32,229638.7
2024-03-01,Delta,AP,247032.58,304224.55
2024-03-01,Delta,AM,36422.64,44855.05
2024-03-01,Delta,BA,157317.64,193739.17
2024-03-01,Delta,CE,217575.4,267947.56
2024-03-01,Delta,DF,7558.4,9308.29
2024-03-01,Delta,ES,90441.94,111380.68
2024-03-01,Delta,GO,150762.62,185666.57
2024-03-01,Delta,MA,47199.44,58126.86
2024-03-01,Delta,MT,291555.87,359055.68
2024-03-01,Delta,MS,205401.03,252954.63
2024-03-01,Delta,MG,30091.76,37058.48
2024-03-01,Delta,PA,94642.65,116553.92
2024-03-01,Delta,PB,531728.55,654832.16
2024-03-01,Delta,PR,126534.22,155828.9
2024-03-01,Delta,PE,225497.06,277703.21
2024-03-01,Delta,PI,392319.18,483147.3
2024-03-01,Delta,RJ,94025.93,115794.43
2024-03-01,Delta,RN,15392.61,18956.24
2024-03-01,Delta,RS,39342.88,48451.38
2024-03-01,Delta,RO,105197.82,129552.78
2024-03-01,Delta,RR,93058.61,114603.16
2024-03-01,Delta,SC,128646.48,158430.18
2024-03-01,Delta,SP,209125.0,257540.76
2024-03-01,Delta,SE,241102.42,296921.45
2024-03-01,Delta,TO,169088.82,208235.57
2024-03-01,Epsilon,AC,493764.05,563838.61
2024-03-01,Epsilon,AL,178252.72,203550.2
2024-03-01,Epsilon,AP,265880.42,303613.95
2024-03-01,Epsilon,AM,70358.76,80344.02
2024-03-01,Epsilon,BA,19700.07,22495.88
2024-03-01,Epsilon,CE,114958.6,131273.43
2024-03-01,Epsilon,DF,353793.1,404003.13
2024-03-01,Epsilon,ES,21855.5,24957.22
2024-03-01,Epsilon,GO,59832.95,68324.39
2024-03-01,Epsilon,MA,136333.64,155682.0
2024-03-01,Epsilon,MT,78440.84,89573.1
2024-03-01,Epsilon,MS,7318.56,8357.2
2024-03-01,Epsilon,MG,567533.67,648077.58
2024-03-01,Epsilon,PA,106136.58,121199.39
2024-03-01,Epsilon,PB,39900.39,45563.02
2024-03-01,Epsilon,PR,67983.42,77631.58
2024-03-01,Epsilon,PE,4024.31,4595.44
2024-03-01,Epsilon,PI,109960.76,125566.3
2024-03-01,Epsilon,RJ,224796.62,256699.58
2024-03-01,Epsilon,RN,110231.5,125875.47
2024-03-01,Epsilon,RS,202820.07,231604.13
2024-03-01,Epsilon,RO,92262.21,105355.99
2024-03-01,Epsilon,RR,198977.04,227215.69
2024-03-01,Epsilon,SC,96565.43,110269.92
2024-03-01,Epsilon,SP,139650.07,159469.09
2024-03-01,Epsilon,SE,262582.78,299848.31
2024-03-01,Epsilon,TO,599872.6,685006.02
2024-03-01,Omega,AC,413538.17,450820.69
2024-03-01,Omega,AL,13449.31,14661.83
2024-03-01,Omega,AP,109052.6,118884.24
2024-03-01,Omega,AM,84326.48,91928.93
2024-03-01,Omega,BA,103575.14,112912.95
2024-03-01,Omega,CE,221702.24,241689.8
2024-03-01,Omega,DF,59277.44,64621.6
2024-03-01,Omega,ES,504312.07,549778.31
2024-03-01,Omega,GO,95311.24,103904.02
2024-03-01,Omega,MA,175480.83,191301.3
2024-03-01,Omega,MT,106760.52,116385.51
2024-03-01,Omega,MS,88475.37,96451.87
2024-03-01,Omega,MG,69056.64,75282.44
2024-03-01,Omega,PA,2925.84,3189.62
2024-03-01,Omega,PB,471600.95,514118.12
2024-03-01,Omega,PR,125042.6,136315.81
2024-03-01,Omega,PE,331286.06,361153.14
2024-03-01,Omega,PI,485406.26,529168.05
2024-03-01,Omega,RJ,185956.52,202721.43
2024-03-01,Omega,RN,57517.49,62702.97
2024-03-01,Omega,RS,76124.74,82987.76
2024-03-01,Omega,RO,11963.66,13042.24
2024-03-01,Omega,RR,284513.79,310164.13
2024-03-01,Omega,SC,141101.33,153822.31
2024-03-01,Omega,SP,329802.6,359535.95
2024-03-01,Omega,SE,290852.16,317073.93
2024-03-01,Omega,TO,4927.46,5371.69
2024-03-01,Capa,AC,462.67,1194.68
2024-03-01,Capa,AL,242.25,625.53
2024-03-01,Capa,AP,3602.18,9301.48
2024-03-01,Capa,AM,1929.14,4981.39
2024-03-01,Capa,BA,4993.92,12895.17
2024-03-01,Capa,CE,10367.18,26769.88
2024-03-01,Capa,DF,1743.89,4503.04
2024-03-01,Capa,ES,2927.97,7560.54
2024-03-01,Capa,GO,9.91,25.59
2024-03-01,Capa,MA,732.67,1891.89
2024-03-01,Capa,MT,3554.03,9177.12
2024-03-01,Capa,MS,39.62,102.3
2024-03-01,Capa,MG,3321.63,8577.04
2024-03-01,Capa,PA,3146.32,8124.35
2024-03-01,Capa,PB,308.44,796.44
2024-03-01,Capa,PR,8241.44,21280.84
2024-03-01,Capa,PE,4601.07,11880.77
2024-03-01,Capa,PI,7597.16,19617.22
2024-03-01,Capa,RJ,526.82,1360.34
2024-03-01,Capa,RN,4447.6,11484.5
2024-03-01,Capa,RS,1332.21,3440.01
2024-03-01,Capa,RO,9652.88,24925.44
2024-03-01,Capa,RR,2106.23,5438.65
2024-03-01,Capa,SC,3055.63,7890.17
2024-03-01,Capa,SP,1032.73,2666.69
2024-03-01,Capa,SE,2039.29,5265.81
2024-03-01,Capa,TO,4417.71,11407.3
2024-03-01,Iota,AC,57.78,120.83
2024-03-01,Iota,AL,147.89,309.31
2024-03-01,Iota,AP,2526.47,5283.97
2024-03-01,Iota,AM,6216.13,13000.68
2024-03-01,Iota,BA,3853.24,8058.83
2024-03-01,Iota,CE,827.32,1730.3
2024-03-01,Iota,DF,6697.18,14006.76
2024-03-01,Iota,ES,13914.86,29102.11
2024-03-01,Iota,GO,1693.37,3541.58
2024-03-01,Iota,MA,2683.45,5612.28
2024-03-01,Iota,MT,2431.3,5084.93
2024-03-01,Iota,MS,1432.89,2996.8
2024-03-01,Iota,MG,1755.05,3670.58
2024-03-01,Iota,PA,1475.08,3085.05
2024-03-01,Iota,PB,836.08,1748.61
2024-03-01,Iota,PR,246.83,516.23
2024-03-01,Iota,PE,1391.49,2910.22
2024-03-01,Iota,PI,8955.27,18729.43
2024-03-01,Iota,RJ,1603.1,3352.79
2024-03-01,Iota,RN,1113.91,2329.68
2024-03-01,Iota,RS,6414.05,13414.61
2024-03-01,Iota,RO,2134.63,4464.45
2024-03-01,Iota,RR,5905.38,12350.75
2024-03-01,Iota,SC,4794.4,10027.21
2024-03-01,Iota,SP,4794.53,10027.48
2024-03-01,Iota,SE,1501.57,3140.45
2024-03-01,Iota,TO,3524.31,7370.9
2024-04-01,Alfa,AC,439819.63,389416.87
2024-04-01,Alfa,AL,217969.02,192990.07
2024-04-01,Alfa,AP,420170.64,372019.65
2024-04-01,Alfa,AM,264030.98,233773.39
2024-04-01,Alfa,BA,64670.33,57259.2
2024-04-01,Alfa,CE,127692.32,113058.95
2024-04-01,Alfa,DF,61547.8,54494.5
2024-04-01,Alfa,ES,393978.92,348829.46
2024-04-01,Alfa,GO,36350.12,32184.45
2024-04-01,Alfa,MA,33386.01,29560.02
2024-04-01,Alfa,MT,77714.48,68808.51
2024-04-01,Alfa,MS,171365.09,151726.88
2024-04-01,Alfa,MG,63334.02,56076.02
2024-04-01,Alfa,PA,472444.33,418302.85
2024-04-01,Alfa,PB,278646.12,246713.65
2024-04-01,Alfa,PR,1841554.02,1630514.41
2024-04-01,Alfa,PE,1229240.17,1088370.9
2024-04-01,Alfa,PI,258279.63,228681.13
2024-04-01,Alfa,RJ,229123.46,202866.22
2024-04-01,Alfa,RN,43114.19,38173.36
2024-04-01,Alfa,RS,593715.51,525676.51
2024-04-01,Alfa,RO,1269793.88,1124277.21
2024-04-01,Alfa,RR,237149.26,209972.27
2024-04-01,Alfa,SC,568932.46,503733.57
2024-04-01,Alfa,SP,7528.65,6665.88
2024-04-01,Alfa,SE,2660116.19,2355270.46
2024-04-01,Alfa,TO,38233.58,33852.07
2024-04-01,Beta,AC,36843.39,33897.35
2024-04-01,Beta,AL,232332.45,213755.01
2024-04-01,Beta,AP,271140.98,249460.38
2024-04-01,Beta,AM,715479.63,658269.44
2024-04-01,Beta,BA,45014.75,41415.35
2024-04-01,Beta,CE,303903.8,279603.46
2024-04-01,Beta,DF,163922.17,150814.85
2024-04-01,Beta,ES,82120.74,75554.32
2024-04-01,Beta,GO,1138625.09,1047579.93
2024-04-01,Beta,MA,325200.83,299197.58
2024-04-01,Beta,MT,66270.78,60971.73
2024-04-01,Beta,MS,387404.19,356427.11
2024-04-01,Beta,MG,132436.21,121846.53
2024-04-01,Beta,PA,746.9,687.17
2024-04-01,Beta,PB,74395.43,68446.73
2024-04-01,Beta,PR,807944.81,743341.04
2024-04-01,Beta,PE,1173.69,1079.84
2024-04-01,Beta,PI,322651.52,296852.11
2024-04-01,Beta,RJ,473516.86,435654.16
2024-04-01,Beta,RN,201842.63,185703.17
2024-04-01,Beta,RS,544103.35,500596.51
2024-04-01,Beta,RO,1235357.62,1136577.67
2024-04-01,Beta,RR,423130.69,389296.9
2024-04-01,Beta,SC,397027.69,365281.11
2024-04-01,Beta,SP,102516.62,94319.33
2024-04-01,Beta,SE,427031.07,392885.4
2024-04-01,Beta,TO,1567788.8,1442427.44
2024-04-01,Gamma,AC,112392.73,124536.43999999999
2024-04-01,Gamma,AL,443482.44,491399.41
2024-04-01,Gamma,AP,61615.51,68272.89
2024-04-01,Gamma,AM,6953.03,7704.29
2024-04-01,Gamma,BA,323924.34,358923.41
2024-04-01,Gamma,CE,106555.91,118068.96
2024-04-01,Gamma,DF,22034.77,24415.56
2024-04-01,Gamma,ES,13530.16,14992.05
2024-04-01,Gamma,GO,102980.8,114107.57
2024-04-01,Gamma,MA,241985.47,268131.28
2024-04-01,Gamma,MT,4785.68,5302.76
2024-04-01,Gamma,MS,11225.43,12438.31
2024-04-01,Gamma,MG,17213.17,19073.0
2024-04-01,Gamma,PA,26201.86,29032.9
2024-04-01,Gamma,PB,153795.02,170412.11
2024-04-01,Gamma,PR,8709.91,9650.99
2024-04-01,Gamma,PE,294182.86,325968.45
2024-04-01,Gamma,PI,388296.16,430250.41
2024-04-01,Gamma,RJ,770346.23,853579.87
2024-04-01,Gamma,RN,1510.41,1673.6
2024-04-01,Gamma,RS,33373.85,36979.79
2024-04-01,Gamma,RO,113201.25,125432.31
2024-04-01,Gamma,RR,10777.83,11942.34
2024-04-01,Gamma,SC,634348.81,702888.33
2024-04-01,Gamma,SP,517441.09,573349.07
2024-04-01,Gamma,SE,105411.56,116800.97
2024-04-01,Gamma,TO,308025.87,341307.16
2024-04-01,Delta,AC,137616.43000000002,158513.47
2024-04-01,Delta,AL,89073.45,102599.25
2024-04-01,Delta,AP,365720.4,421255.04
2024-04-01,Delta,AM,109069.61,125631.83
2024-04-01,Delta,BA,452443.06,521146.53
2024-04-01,Delta,CE,184240.77,212217.73
2024-04-01,Delta,DF,124754.84,143698.86
2024-04-01,Delta,ES,91121.57,104958.38
2024-04-01,Delta,GO,62411.15,71888.28
2024-04-01,Delta,MA,40194.39,46297.9
2024-04-01,Delta,MT,1937.78,2232.04
2024-04-01,Delta,MS,56599.04,65193.6
2024-04-01,Delta,MG,3332.13,3838.12
2024-04-01,Delta,PA,45614.06,52540.55
2024-04-01,Delta,PB,602605.19,694110.77
2024-04-01,Delta,PR,450726.28,519169.05
2024-04-01,Delta,PE,438127.32,504656.94
2024-04-01,Delta,PI,72965.2,84044.96
2024-04-01,Delta,RJ,543710.95,626273.45
2024-04-01,Delta,RN,209436.21,241239.1
2024-04-01,Delta,RS,8185.48,9428.44
2024-04-01,Delta,RO,47812.71,55073.07
2024-04-01,Delta,RR,197054.02,226976.67
2024-04-01,Delta,SC,32295.51,37199.59
2024-04-01,Delta,SP,21613.78,24895.83
2024-04-01,Delta,SE,260712.93,300302.19
2024-04-01,Delta,TO,1087.46,1252.59
2024-04-01,Epsilon,AC,298878.13,372439.89
2024-04-01,Epsilon,AL,53585.45,66774.24
2024-04-01,Epsilon,AP,412217.49,513674.99
2024-04-01,Epsilon,AM,235678.56,293685.21
2024-04-01,Epsilon,BA,176104.2,219448.05
2024-04-01,Epsilon,CE,65571.88,81710.83
2024-04-01,Epsilon,DF,26404.85,32903.77
2024-04-01,Epsilon,ES,11894.54,14822.09
2024-04-01,Epsilon,GO,219834.29,273941.26
2024-04-01,Epsilon,MA,16100.68,20063.48
2024-04-01,Epsilon,MT,31309.83,39016.0
2024-04-01,Epsilon,MS,117634.39,146587.29
2024-04-01,Epsilon,MG,6052.34,7541.98
2024-04-01,Epsilon,PA,165456.29,206179.41
2024-04-01,Epsilon,PB,10298.46,12833.19
2024-04-01,Epsilon,PR,31313.26,39020.27
2024-04-01,Epsilon,PE,12617.08,15722.47
2024-04-01,Epsilon,PI,358108.63,446248.52
2024-04-01,Epsilon,RJ,549618.61,684894.13
2024-04-01,Epsilon,RN,201528.59,251130.04
2024-04-01,Epsilon,RS,180061.39,224379.2
2024-04-01,Epsilon,RO,44629.4,55613.86
2024-04-01,Epsilon,RR,173124.48,215734.94
2024-04-01,Epsilon,SC,181344.13,225977.67
2024-04-01,Epsilon,SP,219156.38,273096.49
2024-04-01,Epsilon,SE,245829.08,306334.04
2024-04-01,Epsilon,TO,254276.76,316860.92
2024-04-01,Omega,AC,147669.49,184156.28999999998
2024-04-01,Omega,AL,122796.16,153137.14
2024-04-01,Omega,AP,258929.67,322907.09
2024-04-01,Omega,AM,15831.3,19742.96
2024-04-01,Omega,BA,141034.85,175882.33
2024-04-01,Omega,CE,80394.84,100259.14
2024-04-01,Omega,DF,82338.14,102682.59
2024-04-01,Omega,ES,20425.0,25471.7
2024-04-01,Omega,GO,181203.26,225975.72
2024-04-01,Omega,MA,89062.17,111068.02
2024-04-01,Omega,MT,13701.92,17087.45
2024-04-01,Omega,MS,938128.89,1169925.71
2024-04-01,Omega,MG,117426.61,146440.87
2024-04-01,Omega,PA,64267.17,80146.57
2024-04-01,Omega,PB,409487.51,510665.4
2024-04-01,Omega,PR,234405.73,292323.68
2024-04-01,Omega,PE,194085.12,242040.49
2024-04-01,Omega,PI,9041.94,11276.06
2024-04-01,Omega,RJ,141175.33,176057.52
2024-04-01,Omega,RN,274366.58,342158.22
2024-04-01,Omega,RS,86232.15,107538.76
2024-04-01,Omega,RO,183467.23,228799.08
2024-04-01,Omega,RR,40885.23,50987.33
2024-04-01,Omega,SC,18798.34,23443.11
2024-04-01,Omega,SP,271790.87,338946.1
2024-04-01,Omega,SE,68546.3,85483.0
2024-04-01,Omega,TO,89835.07,112031.9
2024-04-01,Capa,AC,2081.2900000000004,5781.5
2024-04-01,Capa,AL,1051.52,2921.0
2024-04-01,Capa,AP,170.43,473.44
2024-04-01,Capa,AM,5996.42,16657.35
2024-04-01,Capa,BA,562.97,1563.88
2024-04-01,Capa,CE,1156.0,3211.24
2024-04-01,Capa,DF,5846.47,16240.82
2024-04-01,Capa,ES,3296.13,9156.27
2024-04-01,Capa,GO,2622.46,7284.89
2024-04-01,Capa,MA,6533.07,18148.12
2024-04-01,Capa,MT,537.83,1494.02
2024-04-01,Capa,MS,2009.26,5581.5
2024-04-01,Capa,MG,1893.0,5258.55
2024-04-01,Capa,PA,10504.71,29180.87
2024-04-01,Capa,PB,5190.86,14419.6
2024-04-01,Capa,PR,663.29,1842.55
2024-04-01,Capa,PE,502.88,1396.94
2024-04-01,Capa,PI,1392.65,3868.61
2024-04-01,Capa,RJ,658.56,1829.42
2024-04-01,Capa,RN,1406.35,3906.67
2024-04-01,Capa,RS,339.93,944.29
2024-04-01,Capa,RO,2701.7,7505.02
2024-04-01,Capa,RR,671.34,1864.91
2024-04-01,Capa,SC,734.16,2039.42
2024-04-01,Capa,SP,12061.72,33506.06
2024-04-01,Capa,SE,5090.21,14140.02
2024-04-01,Capa,TO,6437.39,17882.31
2024-04-01,Iota,AC,1124.56,2341.2999999999997
2024-04-01,Iota,AL,1721.49,3584.09
2024-04-01,Iota,AP,6435.82,13399.22
2024-04-01,Iota,AM,3483.13,7251.79
2024-04-01,Iota,BA,22.82,47.51
2024-04-01,Iota,CE,1238.87,2579.3
2024-04-01,Iota,DF,6210.39,12929.88
2024-04-01,Iota,ES,20878.75,43469.03
2024-04-01,Iota,GO,1555.59,3238.7
2024-04-01,Iota,MA,2307.6,4804.36
2024-04-01,Iota,MT,3428.12,7137.25
2024-04-01,Iota,MS,2307.02,4803.16
2024-04-01,Iota,MG,6118.36,12738.27
2024-04-01,Iota,PA,8145.28,16958.27
2024-04-01,Iota,PB,775.53,1614.63
2024-04-01,Iota,PR,2915.99,6071.02
2024-04-01,Iota,PE,409.07,851.67
2024-04-01,Iota,PI,645.57,1344.05
2024-04-01,Iota,RJ,2331.34,4853.79
2024-04-01,Iota,RN,1353.29,2817.51
2024-04-01,Iota,RS,335.1,697.67
2024-04-01,Iota,RO,2755.84,5737.59
2024-04-01,Iota,RR,4933.99,10272.45
2024-04-01,Iota,SC,4813.66,10021.93
2024-04-01,Iota,SP,1392.41,2898.97
2024-04-01,Iota,SE,2842.64,5918.3
2024-04-01,Iota,TO,817.02,1701.02
2024-05-01,Alfa,AC,1141949.73,1003793.4299999999
2024-05-01,Alfa,AL,215143.87,189115.16
2024-05-01,Alfa,AP,353811.94,311006.78
2024-05-01,Alfa,AM,307427.46,270234.02
2024-05-01,Alfa,BA,552345.98,485521.61
2024-05-01,Alfa,CE,1170611.3,1028987.46
2024-05-01,Alfa,DF,170128.2,149545.61
2024-05-01,Alfa,ES,527358.99,463557.62
2024-05-01,Alfa,GO,162202.93,142579.17
2024-05-01,Alfa,MA,828909.3,728625.52
2024-05-01,Alfa,MT,59949.58,52696.71
2024-05-01,Alfa,MS,58303.75,51250.0
2024-05-01,Alfa,MG,300563.27,264200.28
2024-05-01,Alfa,PA,34270.84,30124.66
2024-05-01,Alfa,PB,129616.73,113935.34
2024-05-01,Alfa,PR,313212.6,275319.26
2024-05-01,Alfa,PE,121682.06,106960.62
2024-05-01,Alfa,PI,1060603.47,932288.68
2024-05-01,Alfa,RJ,313871.61,275898.54
2024-05-01,Alfa,RN,259425.47,228039.45
2024-05-01,Alfa,RS,298602.79,262476.99
2024-05-01,Alfa,RO,508684.48,447142.41
2024-05-01,Alfa,RR,144812.02,127292.25
2024-05-01,Alfa,SC,565740.28,497295.43
2024-05-01,Alfa,SP,1022550.12,898839.13
2024-05-01,Alfa,SE,818550.23,719519.73
2024-05-01,Alfa,TO,289943.91,254865.68
2024-05-01,Beta,AC,162833.5,144922.39
2024-05-01,Beta,AL,798725.12,710868.09
2024-05-01,Beta,AP,459102.21,408602.54
2024-05-01,Beta,AM,196127.78,174554.4
2024-05-01,Beta,BA,15830.33,14089.05
2024-05-01,Beta,CE,978104.39,870516.25
2024-05-01,Beta,DF,82374.47,73313.56
2024-05-01,Beta,ES,296861.75,264207.97
2024-05-01,Beta,GO,156023.67,138861.6
2024-05-01,Beta,MA,208456.88,185527.33
2024-05-01,Beta,MT,40135.18,35720.45
2024-05-01,Beta,MS,165437.45,147239.89
2024-05-01,Beta,MG,1244245.1,1107382.39
2024-05-01,Beta,PA,300152.88,267137.09
2024-05-01,Beta,PB,290114.88,258203.24
2024-05-01,Beta,PR,440469.72,392019.55
2024-05-01,Beta,PE,216552.88,192732.81
2024-05-01,Beta,PI,196545.8,174926.43
2024-05-01,Beta,RJ,9748.71,8676.39
2024-05-01,Beta,RN,777798.08,692242.95
2024-05-01,Beta,RS,601729.21,535541.05
2024-05-01,Beta,RO,251991.73,224273.5
2024-05-01,Beta,RR,488072.66,434386.33
2024-05-01,Beta,SC,252440.94,224673.3
2024-05-01,Beta,SP,60946.69,54242.76
2024-05-01,Beta,SE,77692.2,69146.32
2024-05-01,Beta,TO,1658412.44,1475992.75
2024-05-01,Gamma,AC,70778.70999999999,79223.4
2024-05-01,Gamma,AL,224422.68,251198.89
2024-05-01,Gamma,AP,114813.37,128511.93
2024-05-01,Gamma,AM,244346.46,273499.82
2024-05-01,Gamma,BA,173806.02,194543.08
2024-05-01,Gamma,CE,223283.24,249923.51
2024-05-01,Gamma,DF,909.19,1017.67
2024-05-01,Gamma,ES,681823.9,763173.37
2024-05-01,Gamma,GO,7529.87,8428.26
2024-05-01,Gamma,MA,79018.06,88445.83
2024-05-01,Gamma,MT,20936.83,23434.84
2024-05-01,Gamma,MS,34239.63,38324.82
2024-05-01,Gamma,MG,83271.73,93207.01
2024-05-01,Gamma,PA,69757.17,78080.0
2024-05-01,Gamma,PB,457634.72,512235.82
2024-05-01,Gamma,PR,77037.62,86229.1
2024-05-01,Gamma,PE,476341.77,533174.85
2024-05-01,Gamma,PI,138253.9,154749.19
2024-05-01,Gamma,RJ,78916.5,88332.15
2024-05-01,Gamma,RN,144753.77,162024.56
2024-05-01,Gamma,RS,137048.28,153399.73
2024-05-01,Gamma,RO,47232.13,52867.47
2024-05-01,Gamma,RR,46123.9,51627.01
2024-05-01,Gamma,SC,363139.87,406466.65
2024-05-01,Gamma,SP,12608.26,14112.57
2024-05-01,Gamma,SE,114528.19,128192.73
2024-05-01,Gamma,TO,483450.3,541131.51
2024-05-01,Delta,AC,291044.16,318972.52
2024-05-01,Delta,AL,64322.82,70495.18
2024-05-01,Delta,AP,540895.39,592799.23
2024-05-01,Delta,AM,25986.53,28480.17
2024-05-01,Delta,BA,91688.61,100486.96
2024-05-01,Delta,CE,124500.57,136447.54
2024-05-01,Delta,DF,236771.44,259491.82
2024-05-01,Delta,ES,148426.77,162669.67
2024-05-01,Delta,GO,265707.82,291204.9
2024-05-01,Delta,MA,26493.57,29035.87
2024-05-01,Delta,MT,276134.43,302632.05
2024-05-01,Delta,MS,425549.15,466384.47
2024-05-01,Delta,MG,248242.94,272064.11
2024-05-01,Delta,PA,66666.85,73064.14
2024-05-01,Delta,PB,39420.71,43203.49
2024-05-01,Delta,PR,54899.68,60167.8
2024-05-01,Delta,PE,22126.87,24250.14
2024-05-01,Delta,PI,189369.53,207541.26
2024-05-01,Delta,RJ,138065.98,151314.67
2024-05-01,Delta,RN,138258.42,151525.58
2024-05-01,Delta,RS,167599.93,183682.67
2024-05-01,Delta,RO,396551.71,434604.46
2024-05-01,Delta,RR,11824.26,12958.91
2024-05-01,Delta,SC,88170.31,96631.06
2024-05-01,Delta,SP,42843.0,46954.18
2024-05-01,Delta,SE,214988.82,235618.96
2024-05-01,Delta,TO,367599.44,402873.96
2024-05-01,Epsilon,AC,101481.75,121244.37000000001
2024-05-01,Epsilon,AL,7779.18,9294.1
2024-05-01,Epsilon,AP,102675.24,122670.24
2024-05-01,Epsilon,AM,59840.01,71493.27
2024-05-01,Epsilon,BA,156908.78,187465.23
2024-05-01,Epsilon,CE,108360.26,129462.36
2024-05-01,Epsilon,DF,261070.03,311910.85
2024-05-01,Epsilon,ES,89534.91,106970.96
2024-05-01,Epsilon,GO,103055.59,123124.65
2024-05-01,Epsilon,MA,302703.87,361652.48
2024-05-01,Epsilon,MT,93605.05,111833.71
2024-05-01,Epsilon,MS,159968.55,191120.85
2024-05-01,Epsilon,MG,40969.26,48947.62
2024-05-01,Epsilon,PA,229968.59,274752.72
2024-05-01,Epsilon,PB,167171.81,199726.89
2024-05-01,Epsilon,PR,173656.19,207474.03
2024-05-01,Epsilon,PE,182587.87,218145.06
2024-05-01,Epsilon,PI,152358.79,182029.17
2024-05-01,Epsilon,RJ,13125.74,15681.84
2024-05-01,Epsilon,RN,59405.03,70973.57
2024-05-01,Epsilon,RS,338984.08,404997.9
2024-05-01,Epsilon,RO,283479.23,338684.02
2024-05-01,Epsilon,RR,278203.56,332380.97
2024-05-01,Epsilon,SC,474697.75,567140.48
2024-05-01,Epsilon,SP,135671.33,162091.99
2024-05-01,Epsilon,SE,125758.3,150248.5
2024-05-01,Epsilon,TO,112190.03,134037.94
2024-05-01,Omega,AC,120048.9,137438.49
2024-05-01,Omega,AL,216590.41,247964.45
2024-05-01,Omega,AP,53825.13,61621.93
2024-05-01,Omega,AM,364579.91,417390.85
2024-05-01,Omega,BA,164078.24,187845.67
2024-05-01,Omega,CE,195241.65,223523.23
2024-05-01,Omega,DF,153259.52,175459.81
2024-05-01,Omega,ES,278185.81,318482.21
2024-05-01,Omega,GO,101015.69,115648.25
2024-05-01,Omega,MA,127449.1,145910.64
2024-05-01,Omega,MT,44780.0,51266.57
2024-05-01,Omega,MS,117938.85,135022.79
2024-05-01,Omega,MG,44347.85,50771.83
2024-05-01,Omega,PA,294522.8,337185.68
2024-05-01,Omega,PB,139002.73,159137.86
2024-05-01,Omega,PR,136870.04,156696.25
2024-05-01,Omega,PE,261156.65,298986.29
2024-05-01,Omega,PI,40599.41,46480.4
2024-05-01,Omega,RJ,42332.19,48464.19
2024-05-01,Omega,RN,503016.26,575880.3
2024-05-01,Omega,RS,149827.76,171530.95
2024-05-01,Omega,RO,138243.86,158269.07
2024-05-01,Omega,RR,2701.72,3093.07
2024-05-01,Omega,SC,80988.01,92719.47
2024-05-01,Omega,SP,376661.6,431222.63
2024-05-01,Omega,SE,272699.03,312200.64
2024-05-01,Omega,TO,83278.94,95342.25
2024-05-01,Capa,AC,2026.26,4740.5
2024-05-01,Capa,AL,2625.24,6141.86
2024-05-01,Capa,AP,1890.06,4421.87
2024-05-01,Capa,AM,1072.22,2508.5
2024-05-01,Capa,BA,3430.6,8026.04
2024-05-01,Capa,CE,2927.47,6848.95
2024-05-01,Capa,DF,13367.59,31274.07
2024-05-01,Capa,ES,505.71,1183.14
2024-05-01,Capa,GO,2600.39,6083.73
2024-05-01,Capa,MA,6275.55,14681.92
2024-05-01,Capa,MT,3163.72,7401.66
2024-05-01,Capa,MS,11530.43,26975.96
2024-05-01,Capa,MG,2114.1,4946.04
2024-05-01,Capa,PA,718.31,1680.51
2024-05-01,Capa,PB,9355.23,21886.98
2024-05-01,Capa,PR,307.61,719.67
2024-05-01,Capa,PE,2426.22,5676.25
2024-05-01,Capa,PI,1812.78,4241.09
2024-05-01,Capa,RJ,4003.45,9366.26
2024-05-01,Capa,RN,5648.27,13214.39
2024-05-01,Capa,RS,2786.35,6518.79
2024-05-01,Capa,RO,8193.46,19168.97
2024-05-01,Capa,RR,205.44,480.64
2024-05-01,Capa,SC,1701.51,3980.76
2024-05-01,Capa,SP,3796.52,8882.14
2024-05-01,Capa,SE,2070.35,4843.67
2024-05-01,Capa,TO,675.97,1581.46
2024-05-01,Iota,AC,1880.07,3413.1
2024-05-01,Iota,AL,1564.86,2840.87
2024-05-01,Iota,AP,4864.44,8830.96
2024-05-01,Iota,AM,4404.88,7996.66
2024-05-01,Iota,BA,4166.17,7563.3
2024-05-01,Iota,CE,3615.55,6563.7
2024-05-01,Iota,DF,5195.87,9432.64
2024-05-01,Iota,ES,10999.57,19968.72
2024-05-01,Iota,GO,1298.09,2356.57
2024-05-01,Iota,MA,8010.87,14543.01
2024-05-01,Iota,MT,56.1,101.85
2024-05-01,Iota,MS,11298.03,20510.56
2024-05-01,Iota,MG,392.92,713.32
2024-05-01,Iota,PA,443.67,805.44
2024-05-01,Iota,PB,2118.98,3846.82
2024-05-01,Iota,PR,619.61,1124.84
2024-05-01,Iota,PE,45.91,83.34
2024-05-01,Iota,PI,0.26,0.48
2024-05-01,Iota,RJ,1243.06,2256.66
2024-05-01,Iota,RN,6497.74,11796.06
2024-05-01,Iota,RS,478.18,868.09
2024-05-01,Iota,RO,3415.02,6199.67
2024-05-01,Iota,RR,6416.88,11649.27
2024-05-01,Iota,SC,809.34,1469.29
2024-05-01,Iota,SP,1268.99,2303.74
2024-05-01,Iota,SE,18827.93,34180.42
2024-05-01,Iota,TO,4485.93,8143.8
2024-06-01,Alfa,AC,56651.869999999995,48301.5
2024-06-01,Alfa,AL,804370.47,685808.0
2024-06-01,Alfa,AP,710369.12,605662.24
2024-06-01,Alfa,AM,235458.63,200752.54
2024-06-01,Alfa,BA,189025.31,161163.39
2024-06-01,Alfa,CE,427951.04,364871.98
2024-06-01,Alfa,DF,754681.1,643442.73
2024-06-01,Alfa,ES,834782.68,711737.51
2024-06-01,Alfa,GO,1174902.93,1001724.77
2024-06-01,Alfa,MA,104563.15,89150.77
2024-06-01,Alfa,MT,143936.06,122720.2
2024-06-01,Alfa,MS,702649.88,599080.8
2024-06-01,Alfa,MG,104791.34,89345.32
2024-06-01,Alfa,PA,4685.27,3994.67
2024-06-01,Alfa,PB,123825.98,105574.3
2024-06-01,Alfa,PR,188308.4,160552.14
2024-06-01,Alfa,PE,189664.43,161708.3
2024-06-01,Alfa,PI,584873.87,498664.72
2024-06-01,Alfa,RJ,527474.41,449725.82
2024-06-01,Alfa,RN,308127.55,262710.22
2024-06-01,Alfa,RS,675382.17,575832.29
2024-06-01,Alfa,RO,348854.01,297433.68
2024-06-01,Alfa,RR,544341.02,464106.32
2024-06-01,Alfa,SC,1634857.24,1393882.8
2024-06-01,Alfa,SP,735307.1,626924.42
2024-06-01,Alfa,SE,163226.43,139167.21
2024-06-01,Alfa,TO,89189.19,76042.9
2024-06-01,Beta,AC,380200.28,331066.36
2024-06-01,Beta,AL,628939.86,547660.91
2024-06-01,Beta,AP,306431.66,266830.98
2024-06-01,Beta,AM,307355.08,267635.07
2024-06-01,Beta,BA,2537731.13,2209775.9
2024-06-01,Beta,CE,874008.54,761058.96
2024-06-01,Beta,DF,23276.4,20268.35
2024-06-01,Beta,ES,66633.29,58022.16
2024-06-01,Beta,GO,157632.51,137261.4
2024-06-01,Beta,MA,149798.33,130439.64
2024-06-01,Beta,MT,69193.02,60251.09
2024-06-01,Beta,MS,390191.26,339766.19
2024-06-01,Beta,MG,195637.83,170355.23
2024-06-01,Beta,PA,764345.33,665567.7
2024-06-01,Beta,PB,153603.7,133753.24
2024-06-01,Beta,PR,262648.22,228705.75
2024-06-01,Beta,PE,192720.67,167815.06
2024-06-01,Beta,PI,374287.83,325917.99
2024-06-01,Beta,RJ,101735.75,88588.27
2024-06-01,Beta,RN,622779.91,542297.02
2024-06-01,Beta,RS,1204422.34,1048772.83
2024-06-01,Beta,RO,24343.11,21197.21
2024-06-01,Beta,RR,1535.32,1336.91
2024-06-01,Beta,SC,187339.31,163129.14
2024-06-01,Beta,SP,272210.84,237032.57
2024-06-01,Beta,SE,456789.25,397757.62
2024-06-01,Beta,TO,188121.02,163809.83
2024-06-01,Gamma,AC,211952.7,227042.03
2024-06-01,Gamma,AL,114717.09,122884.01
2024-06-01,Gamma,AP,778434.17,833852.33
2024-06-01,Gamma,AM,15206.5,16289.08
2024-06-01,Gamma,BA,27431.52,29384.42
2024-06-01,Gamma,CE,170085.04,182193.71
2024-06-01,Gamma,DF,70613.19,75640.27
2024-06-01,Gamma,ES,394308.97,422380.55
2024-06-01,Gamma,GO,97261.32,104185.53
2024-06-01,Gamma,MA,52147.77,55860.26
2024-06-01,Gamma,MT,40272.73,43139.82
2024-06-01,Gamma,MS,220677.64,236388.09
2024-06-01,Gamma,MG,40724.49,43623.74
2024-06-01,Gamma,PA,129090.77,138280.98
2024-06-01,Gamma,PB,260683.17,279241.69
2024-06-01,Gamma,PR,294280.96,315231.36
2024-06-01,Gamma,PE,109317.33,117099.83
2024-06-01,Gamma,PI,10753.86,11519.45
2024-06-01,Gamma,RJ,102868.06,110191.43
2024-06-01,Gamma,RN,123851.07,132668.26
2024-06-01,Gamma,RS,141148.71,151197.34
2024-06-01,Gamma,RO,62237.5,66668.3
2024-06-01,Gamma,RR,959169.65,1027454.7
2024-06-01,Gamma,SC,315624.8,338094.71
2024-06-01,Gamma,SP,21379.4,22901.44
2024-06-01,Gamma,SE,19300.71,20674.76
2024-06-01,Gamma,TO,136252.6,145952.68
2024-06-01,Delta,AC,14670.09,16429.08
2024-06-01,Delta,AL,273174.9,305929.08
2024-06-01,Delta,AP,181219.24,202947.76
2024-06-01,Delta,AM,282562.49,316442.26
2024-06-01,Delta,BA,292648.82,327737.95
2024-06-01,Delta,CE,234746.34,262892.86
2024-06-01,Delta,DF,160130.2,179330.11
2024-06-01,Delta,ES,354301.91,396783.36
2024-06-01,Delta,GO,169282.32,189579.59
2024-06-01,Delta,MA,144200.21,161490.09
2024-06-01,Delta,MT,127012.36,142241.38
2024-06-01,Delta,MS,237025.36,265445.14
2024-06-01,Delta,MG,59025.69,66102.98
2024-06-01,Delta,PA,726718.01,813852.85
2024-06-01,Delta,PB,272438.38,305104.25
2024-06-01,Delta,PR,30303.36,33936.78
2024-06-01,Delta,PE,214891.13,240656.98
2024-06-01,Delta,PI,223270.51,250041.06
2024-06-01,Delta,RJ,22209.16,24872.08
2024-06-01,Delta,RN,94924.26,106305.85
2024-06-01,Delta,RS,57969.06,64919.66
2024-06-01,Delta,RO,34078.99,38165.12
2024-06-01,Delta,RR,49947.08,55935.82
2024-06-01,Delta,SC,231788.08,259579.9
2024-06-01,Delta,SP,119210.06,133503.57
2024-06-01,Delta,SE,59024.8,66101.98
2024-06-01,Delta,TO,39033.09,43713.23
2024-06-01,Epsilon,AC,105139.39,117477.82
2024-06-01,Epsilon,AL,206072.96,230256.23
2024-06-01,Epsilon,AP,94761.7,105882.26
2024-06-01,Epsilon,AM,50930.96,56907.86
2024-06-01,Epsilon,BA,238925.53,266964.14
2024-06-01,Epsilon,CE,123327.51,137800.35
2024-06-01,Epsilon,DF,176344.23,197038.74
2024-06-01,Epsilon,ES,322549.61,360401.75
2024-06-01,Epsilon,GO,439082.43,490610.04
2024-06-01,Epsilon,MA,217369.95,242878.94
2024-06-01,Epsilon,MT,166473.81,186010.0
2024-06-01,Epsilon,MS,271362.32,303207.48
2024-06-01,Epsilon,MG,55205.23,61683.72
2024-06-01,Epsilon,PA,66293.88,74073.66
2024-06-01,Epsilon,PB,223456.12,249679.35
2024-06-01,Epsilon,PR,65862.4,73591.54
2024-06-01,Epsilon,PE,64850.0,72460.34
2024-06-01,Epsilon,PI,362617.74,405171.99
2024-06-01,Epsilon,RJ,288501.24,322357.7
2024-06-01,Epsilon,RN,67956.61,75931.51
2024-06-01,Epsilon,RS,103338.56,115465.64
2024-06-01,Epsilon,RO,297295.43,332183.92
2024-06-01,Epsilon,RR,16821.56,18795.62
2024-06-01,Epsilon,SC,217569.05,243101.41
2024-06-01,Epsilon,SP,31996.18,35751.03
2024-06-01,Epsilon,SE,333138.17,372232.9
2024-06-01,Epsilon,TO,109298.35,122124.83
2024-06-01,Omega,AC,128497.59999999999,136905.67
2024-06-01,Omega,AL,78.87,84.03
2024-06-01,Omega,AP,5288.87,5634.94
2024-06-01,Omega,AM,64646.09,68876.12
2024-06-01,Omega,BA,250428.46,266814.88
2024-06-01,Omega,CE,5888.58,6273.89
2024-06-01,Omega,DF,217832.18,232085.71
2024-06-01,Omega,ES,364419.89,388265.17
2024-06-01,Omega,GO,69866.14,74437.73
2024-06-01,Omega,MA,217821.84,232074.7
2024-06-01,Omega,MT,2671.96,2846.79
2024-06-01,Omega,MS,21157.02,22541.4
2024-06-01,Omega,MG,46545.21,49590.83
2024-06-01,Omega,PA,90261.66,96167.8
2024-06-01,Omega,PB,201672.28,214868.41
2024-06-01,Omega,PR,283324.39,301863.31
2024-06-01,Omega,PE,77478.42,82548.1
2024-06-01,Omega,PI,117183.33,124851.05
2024-06-01,Omega,RJ,653970.12,696761.69
2024-06-01,Omega,RN,129114.09,137562.48
2024-06-01,Omega,RS,86737.7,92413.25
2024-06-01,Omega,RO,280792.23,299165.46
2024-06-01,Omega,RR,889301.7,947491.86
2024-06-01,Omega,SC,87886.75,93637.49
2024-06-01,Omega,SP,179739.45,191500.43
2024-06-01,Omega,SE,400945.17,427180.43
2024-06-01,Omega,TO,72831.53,77597.15
2024-06-01,Capa,AC,3368.71,8694.6
2024-06-01,Capa,AL,3709.64,9574.6
2024-06-01,Capa,AP,5792.21,14949.71
2024-06-01,Capa,AM,5197.12,13413.79
2024-06-01,Capa,BA,2362.93,6098.73
2024-06-01,Capa,CE,11116.37,28691.37
2024-06-01,Capa,DF,2463.29,6357.76
2024-06-01,Capa,ES,1164.71,3006.13
2024-06-01,Capa,GO,4229.74,10916.98
2024-06-01,Capa,MA,7942.99,20500.87
2024-06-01,Capa,MT,1353.7,3493.9
2024-06-01,Capa,MS,3873.73,9998.1
2024-06-01,Capa,MG,1729.19,4463.03
2024-06-01,Capa,PA,142.56,367.94
2024-06-01,Capa,PB,1203.99,3107.49
2024-06-01,Capa,PR,5068.55,13081.93
2024-06-01,Capa,PE,6083.23,15700.83
2024-06-01,Capa,PI,1146.32,2958.65
2024-06-01,Capa,RJ,4307.54,11117.77
2024-06-01,Capa,RN,2428.13,6267.02
2024-06-01,Capa,RS,4019.18,10373.51
2024-06-01,Capa,RO,168.57,435.09
2024-06-01,Capa,RR,680.94,1757.51
2024-06-01,Capa,SC,939.33,2424.43
2024-06-01,Capa,SP,1480.99,3822.45
2024-06-01,Capa,SE,2371.04,6119.67
2024-06-01,Capa,TO,2467.03,6367.41
2024-06-01,Iota,AC,427.08,851.42
2024-06-01,Iota,AL,8839.21,17621.28
2024-06-01,Iota,AP,1282.44,2556.58
2024-06-01,Iota,AM,2455.94,4896.0
2024-06-01,Iota,BA,6068.55,12097.87
2024-06-01,Iota,CE,418.65,834.6
2024-06-01,Iota,DF,2560.03,5103.52
2024-06-01,Iota,ES,1522.48,3035.12
2024-06-01,Iota,GO,5133.42,10233.66
2024-06-01,Iota,MA,2015.65,4018.27
2024-06-01,Iota,MT,1322.78,2637.0
2024-06-01,Iota,MS,40.81,81.35
2024-06-01,Iota,MG,8263.8,16474.18
2024-06-01,Iota,PA,348.89,695.52
2024-06-01,Iota,PB,2990.2,5961.08
2024-06-01,Iota,PR,1134.71,2262.1
2024-06-01,Iota,PE,10077.89,20090.65
2024-06-01,Iota,PI,509.3,1015.31
2024-06-01,Iota,RJ,8288.35,16523.13
2024-06-01,Iota,RN,12649.74,25217.73
2024-06-01,Iota,RS,966.34,1926.43
2024-06-01,Iota,RO,341.42,680.63
2024-06-01,Iota,RR,3250.88,6480.75
2024-06-01,Iota,SC,935.41,1864.77
2024-06-01,Iota,SP,1199.07,2390.38
2024-06-01,Iota,SE,4137.37,8247.99
2024-06-01,Iota,TO,6481.15,12920.41
2024-07-01,Alfa,AC,45178.55,40455.33
2024-07-01,Alfa,AL,926135.69,829311.57
2024-07-01,Alfa,AP,50938.16,45612.76
2024-07-01,Alfa,AM,44168.75,39551.07
2024-07-01,Alfa,BA,112935.63,101128.62
2024-07-01,Alfa,CE,277203.78,248223.13
2024-07-01,Alfa,DF,67488.91,60433.19
2024-07-01,Alfa,ES,953152.58,853503.94
2024-07-01,Alfa,GO,93307.36,83552.41
2024-07-01,Alfa,MA,793505.59,710547.46
2024-07-01,Alfa,MT,923412.43,826873.01
2024-07-01,Alfa,MS,210339.97,188349.69
2024-07-01,Alfa,MG,831115.03,744224.97
2024-07-01,Alfa,PA,615746.79,551372.7
2024-07-01,Alfa,PB,193099.36,172911.52
2024-07-01,Alfa,PR,620410.28,555548.64
2024-07-01,Alfa,PE,426262.06,381697.91
2024-07-01,Alfa,PI,122588.41,109772.24
2024-07-01,Alfa,RJ,1374867.49,1231130.08
2024-07-01,Alfa,RN,359100.93,321558.23
2024-07-01,Alfa,RS,690595.42,618396.17
2024-07-01,Alfa,RO,208648.5,186835.05
2024-07-01,Alfa,RR,395693.05,354324.78
2024-07-01,Alfa,SC,105035.21,94054.16
2024-07-01,Alfa,SP,135620.91,121442.24
2024-07-01,Alfa,SE,530430.87,474976.24
2024-07-01,Alfa,TO,752292.32,673642.89
2024-07-01,Beta,AC,420410.03,353403.73
2024-07-01,Beta,AL,17810.34,14971.67
2024-07-01,Beta,AP,110215.74,92649.21
2024-07-01,Beta,AM,114849.86,96544.72
2024-07-01,Beta,BA,2005876.64,1686173.61
2024-07-01,Beta,CE,224514.97,188731.06
2024-07-01,Beta,DF,234057.32,196752.52
2024-07-01,Beta,ES,1629181.31,1369517.19
2024-07-01,Beta,GO,475656.39,399844.75
2024-07-01,Beta,MA,259304.76,217975.94
2024-07-01,Beta,MT,18958.17,15936.56
2024-07-01,Beta,MS,59286.43,49837.17
2024-07-01,Beta,MG,147415.84,123920.23
2024-07-01,Beta,PA,161111.51,135433.04
2024-07-01,Beta,PB,364742.68,306608.83
2024-07-01,Beta,PR,544319.42,457564.05
2024-07-01,Beta,PE,168491.07,141636.42
2024-07-01,Beta,PI,521133.13,438073.27
2024-07-01,Beta,RJ,336954.8,283249.87
2024-07-01,Beta,RN,1069463.94,899009.36
2024-07-01,Beta,RS,460541.4,387138.84
2024-07-01,Beta,RO,420625.52,353584.88
2024-07-01,Beta,RR,290364.67,244085.42
2024-07-01,Beta,SC,401687.98,337665.66
2024-07-01,Beta,SP,219275.7,184326.84
2024-07-01,Beta,SE,172901.66,145344.05
2024-07-01,Beta,TO,520460.81,437508.11
2024-07-01,Gamma,AC,57055.16,60577.5
2024-07-01,Gamma,AL,469924.53,498935.61
2024-07-01,Gamma,AP,170462.86,180986.49
2024-07-01,Gamma,AM,74732.19,79345.83
2024-07-01,Gamma,BA,163161.01,173233.86
2024-07-01,Gamma,CE,264851.33,281202.09
2024-07-01,Gamma,DF,582521.27,618483.59
2024-07-01,Gamma,ES,122938.43,130528.12
2024-07-01,Gamma,GO,8536.26,9063.25
2024-07-01,Gamma,MA,105470.59,111981.88
2024-07-01,Gamma,MT,12656.53,13437.89
2024-07-01,Gamma,MS,503082.57,534140.69
2024-07-01,Gamma,MG,23001.09,24421.08
2024-07-01,Gamma,PA,10507.85,11156.56
2024-07-01,Gamma,PB,340185.56,361187.13
2024-07-01,Gamma,PR,84907.44,90149.25
2024-07-01,Gamma,PE,106171.72,112726.29
2024-07-01,Gamma,PI,86131.13,91448.49
2024-07-01,Gamma,RJ,390583.97,414696.92
2024-07-01,Gamma,RN,128416.25,136344.11
2024-07-01,Gamma,RS,94623.28,100464.91
2024-07-01,Gamma,RO,16676.35,17705.88
2024-07-01,Gamma,RR,431020.6,457629.92
2024-07-01,Gamma,SC,38701.36,41090.61
2024-07-01,Gamma,SP,406764.89,431876.77
2024-07-01,Gamma,SE,7266.96,7715.59
2024-07-01,Gamma,TO,300625.39,319184.69
2024-07-01,Delta,AC,557422.1799999999,640456.97
2024-07-01,Delta,AL,228423.68,262450.14
2024-07-01,Delta,AP,16627.82,19104.73
2024-07-01,Delta,AM,17462.37,20063.6
2024-07-01,Delta,BA,50617.13,58157.16
2024-07-01,Delta,CE,450473.51,517576.96
2024-07-01,Delta,DF,115453.7,132651.92
2024-07-01,Delta,ES,113659.93,130590.94
2024-07-01,Delta,GO,229202.05,263344.46
2024-07-01,Delta,MA,158225.73,181795.36
2024-07-01,Delta,MT,152964.9,175750.87
2024-07-01,Delta,MS,246754.41,283511.45
2024-07-01,Delta,MG,109087.6,125337.51
2024-07-01,Delta,PA,169746.25,195032.0
2024-07-01,Delta,PB,63932.81,73456.37
2024-07-01,Delta,PR,96914.73,111351.34
2024-07-01,Delta,PE,125007.97,143629.41
2024-07-01,Delta,PI,64571.36,74190.04
2024-07-01,Delta,RJ,221784.33,254821.78
2024-07-01,Delta,RN,306363.34,351999.85
2024-07-01,Delta,RS,23650.85,27173.93
2024-07-01,Delta,RO,236538.73,271774.03
2024-07-01,Delta,RR,8803.58,10114.98
2024-07-01,Delta,SC,30290.02,34802.08
2024-07-01,Delta,SP,108948.61,125177.82
2024-07-01,Delta,SE,248426.09,285432.15
2024-07-01,Delta,TO,469960.82,539967.15
2024-07-01,Epsilon,AC,10087.77,11996.55
2024-07-01,Epsilon,AL,260178.89,309409.7
2024-07-01,Epsilon,AP,39507.08,46982.57
2024-07-01,Epsilon,AM,42912.3,51032.12
2024-07-01,Epsilon,BA,16117.93,19167.75
2024-07-01,Epsilon,CE,112940.59,134311.1
2024-07-01,Epsilon,DF,68762.97,81774.24
2024-07-01,Epsilon,ES,348642.96,414612.85
2024-07-01,Epsilon,GO,215584.85,256377.61
2024-07-01,Epsilon,MA,74839.27,89000.29
2024-07-01,Epsilon,MT,61831.43,73531.12
2024-07-01,Epsilon,MS,122393.5,145552.69
2024-07-01,Epsilon,MG,48994.67,58265.4
2024-07-01,Epsilon,PA,8854.74,10530.23
2024-07-01,Epsilon,PB,75216.62,89449.04
2024-07-01,Epsilon,PR,49309.82,58640.18
2024-07-01,Epsilon,PE,222913.88,265093.43
2024-07-01,Epsilon,PI,180372.04,214501.86
2024-07-01,Epsilon,RJ,44006.06,52332.84
2024-07-01,Epsilon,RN,339760.71,404049.9
2024-07-01,Epsilon,RS,140919.5,167584.15
2024-07-01,Epsilon,RO,513663.75,610858.72
2024-07-01,Epsilon,RR,253660.37,301657.75
2024-07-01,Epsilon,SC,395946.73,470867.4
2024-07-01,Epsilon,SP,541843.96,644371.16
2024-07-01,Epsilon,SE,87950.86,104592.84
2024-07-01,Epsilon,TO,187662.24,223171.51
2024-07-01,Omega,AC,45699.87,55296.41
2024-07-01,Omega,AL,37556.54,45443.03
2024-07-01,Omega,AP,101471.33,122779.27
2024-07-01,Omega,AM,204672.83,247652.01
2024-07-01,Omega,BA,138586.96,167688.79
2024-07-01,Omega,CE,4696.7,5682.95
2024-07-01,Omega,DF,39817.19,48178.39
2024-07-01,Omega,ES,205187.57,248274.84
2024-07-01,Omega,GO,166776.81,201798.22
2024-07-01,Omega,MA,52400.34,63403.87
2024-07-01,Omega,MT,59996.71,72595.39
2024-07-01,Omega,MS,247887.0,299940.7
2024-07-01,Omega,MG,120365.08,145640.5
2024-07-01,Omega,PA,149270.95,180616.3
2024-07-01,Omega,PB,93515.24,113152.47
2024-07-01,Omega,PR,223876.51,270888.26
2024-07-01,Omega,PE,366163.74,443054.34
2024-07-01,Omega,PI,550763.05,666417.6
2024-07-01,Omega,RJ,184488.49,223229.17
2024-07-01,Omega,RN,84860.34,102680.13
2024-07-01,Omega,RS,25979.7,31435.17
2024-07-01,Omega,RO,5986.61,7243.74
2024-07-01,Omega,RR,507677.3,614284.29
2024-07-01,Omega,SC,221820.6,268400.63
2024-07-01,Omega,SP,81517.9,98635.81
2024-07-01,Omega,SE,157020.02,189992.6
2024-07-01,Omega,TO,310176.3,375310.12
2024-07-01,Capa,AC,765.28,1764.63
2024-07-01,Capa,AL,3137.21,7234.24
2024-07-01,Capa,AP,5504.49,12693.06
2024-07-01,Capa,AM,16077.86,37074.69
2024-07-01,Capa,BA,4913.25,11329.7
2024-07-01,Capa,CE,3377.32,7787.93
2024-07-01,Capa,DF,3988.92,9198.23
2024-07-01,Capa,ES,1221.87,2817.58
2024-07-01,Capa,GO,3970.52,9155.82
2024-07-01,Capa,MA,6857.09,15812.1
2024-07-01,Capa,MT,1068.47,2463.82
2024-07-01,Capa,MS,9310.53,21469.58
2024-07-01,Capa,MG,380.91,878.36
2024-07-01,Capa,PA,1686.29,3888.49
2024-07-01,Capa,PB,626.83,1445.43
2024-07-01,Capa,PR,296.06,682.71
2024-07-01,Capa,PE,12717.48,29325.84
2024-07-01,Capa,PI,1098.19,2532.37
2024-07-01,Capa,RJ,2492.88,5748.45
2024-07-01,Capa,RN,3399.13,7838.22
2024-07-01,Capa,RS,486.53,1121.92
2024-07-01,Capa,RO,1191.66,2747.91
2024-07-01,Capa,RR,1126.76,2598.26
2024-07-01,Capa,SC,1289.11,2972.62
2024-07-01,Capa,SP,2280.0,5257.57
2024-07-01,Capa,SE,1402.71,3234.57
2024-07-01,Capa,TO,5828.99,13441.35
2024-07-01,Iota,AC,2638.15,4610.790000000001
2024-07-01,Iota,AL,1308.74,2287.32
2024-07-01,Iota,AP,7245.07,12662.42
2024-07-01,Iota,AM,2454.71,4290.18
2024-07-01,Iota,BA,2478.5,4331.74
2024-07-01,Iota,CE,16794.98,29353.07
2024-07-01,Iota,DF,298.44,521.59
2024-07-01,Iota,ES,2648.46,4628.78
2024-07-01,Iota,GO,4660.14,8144.66
2024-07-01,Iota,MA,6964.72,12172.44
2024-07-01,Iota,MT,6674.35,11664.95
2024-07-01,Iota,MS,1638.52,2863.69
2024-07-01,Iota,MG,37.38,65.33
2024-07-01,Iota,PA,5576.44,9746.1
2024-07-01,Iota,PB,4495.28,7856.54
2024-07-01,Iota,PR,465.19,813.03
2024-07-01,Iota,PE,3567.18,6234.47
2024-07-01,Iota,PI,1036.46,1811.45
2024-07-01,Iota,RJ,612.1,1069.79
2024-07-01,Iota,RN,4304.04,7522.29
2024-07-01,Iota,RS,5655.95,9885.07
2024-07-01,Iota,RO,4882.91,8534.0
2024-07-01,Iota,RR,1857.12,3245.74
2024-07-01,Iota,SC,4670.13,8162.13
2024-07-01,Iota,SP,3080.12,5383.21
2024-07-01,Iota,SE,3629.57,6343.5
2024-07-01,Iota,TO,6422.78,11225.27
2024-08-01,Alfa,AC,735692.71,637758.35
2024-08-01,Alfa,AL,206881.35,179341.6
2024-08-01,Alfa,AP,332348.4,288106.66
2024-08-01,Alfa,AM,464171.66,402381.79
2024-08-01,Alfa,BA,797449.55,691294.21
2024-08-01,Alfa,CE,132493.25,114855.94
2024-08-01,Alfa,DF,657704.39,570151.73
2024-08-01,Alfa,ES,144549.59,125307.35
2024-08-01,Alfa,GO,177987.73,154294.26
2024-08-01,Alfa,MA,246465.01,213655.94
2024-08-01,Alfa,MT,52030.87,45104.59
2024-08-01,Alfa,MS,966848.42,838142.94
2024-08-01,Alfa,MG,884274.67,766561.29
2024-08-01,Alfa,PA,1375932.36,1192770.22
2024-08-01,Alfa,PB,403612.55,349884.23
2024-08-01,Alfa,PR,508803.97,441072.71
2024-08-01,Alfa,PE,158106.33,137059.44
2024-08-01,Alfa,PI,12867.87,11154.92
2024-08-01,Alfa,RJ,595429.96,516167.18
2024-08-01,Alfa,RN,98506.14,85393.14
2024-08-01,Alfa,RS,129315.89,112101.54
2024-08-01,Alfa,RO,2231472.37,1934421.97
2024-08-01,Alfa,RR,74321.14,64427.62
2024-08-01,Alfa,SC,41641.19,36097.98
2024-08-01,Alfa,SP,35075.79,30406.55
2024-08-01,Alfa,SE,478431.28,414743.19
2024-08-01,Alfa,TO,200396.31,173719.84
2024-08-01,Beta,AC,254260.51,235069.41
2024-08-01,Beta,AL,34160.76,31582.37
2024-08-01,Beta,AP,45159.32,41750.78
2024-08-01,Beta,AM,794765.77,734778.35
2024-08-01,Beta,BA,677300.9,626179.51
2024-08-01,Beta,CE,264670.34,244693.52
2024-08-01,Beta,DF,781844.02,722831.91
2024-08-01,Beta,ES,25337.84,23425.39
2024-08-01,Beta,GO,257975.14,238503.66
2024-08-01,Beta,MA,364931.12,337386.81
2024-08-01,Beta,MT,591484.2,546840.09
2024-08-01,Beta,MS,274461.48,253745.64
2024-08-01,Beta,MG,268722.28,248439.63
2024-08-01,Beta,PA,110041.25,101735.54
2024-08-01,Beta,PB,351076.61,324578.01
2024-08-01,Beta,PR,43233.58,39970.39
2024-08-01,Beta,PE,622910.94,575894.79
2024-08-01,Beta,PI,216647.68,200295.52
2024-08-01,Beta,RJ,36523.64,33766.9
2024-08-01,Beta,RN,114131.51,105517.08
2024-08-01,Beta,RS,199047.85,184024.1
2024-08-01,Beta,RO,1119111.37,1034642.96
2024-08-01,Beta,RR,359805.02,332647.62
2024-08-01,Beta,SC,501098.2,463276.25
2024-08-01,Beta,SP,1476964.86,1365486.34
2024-08-01,Beta,SE,437275.58,404270.84
2024-08-01,Beta,TO,24235.28,22406.05
2024-08-01,Gamma,AC,163455.13,179526.62
2024-08-01,Gamma,AL,41558.08,45644.22
2024-08-01,Gamma,AP,19489.7,21406.0
2024-08-01,Gamma,AM,89689.44,98508.03
2024-08-01,Gamma,BA,684977.84,752327.33
2024-08-01,Gamma,CE,168748.4,185340.34
2024-08-01,Gamma,DF,225456.23,247623.9
2024-08-01,Gamma,ES,162874.36,178888.75
2024-08-01,Gamma,GO,46734.44,51329.54
2024-08-01,Gamma,MA,105454.36,115823.01
2024-08-01,Gamma,MT,322671.1,354397.28
2024-08-01,Gamma,MS,39499.02,43382.71
2024-08-01,Gamma,MG,6232.1,6844.86
2024-08-01,Gamma,PA,838120.75,920527.8
2024-08-01,Gamma,PB,55013.18,60422.27
2024-08-01,Gamma,PR,510039.08,560187.95
2024-08-01,Gamma,PE,98633.55,108331.55
2024-08-01,Gamma,PI,90875.65,99810.88
2024-08-01,Gamma,RJ,116384.18,127827.49
2024-08-01,Gamma,RN,95229.71,104593.04
2024-08-01,Gamma,RS,361745.13,397313.21
2024-08-01,Gamma,RO,59638.51,65502.38
2024-08-01,Gamma,RR,18187.62,19975.89
2024-08-01,Gamma,SC,215352.24,236526.45
2024-08-01,Gamma,SP,126489.05,138925.91
2024-08-01,Gamma,SE,3913.1,4297.85
2024-08-01,Gamma,TO,125558.01,137903.33
2024-08-01,Delta,AC,61977.049999999996,68347.9
2024-08-01,Delta,AL,85982.19,94820.64
2024-08-01,Delta,AP,21006.52,23165.87
2024-08-01,Delta,AM,55582.87,61296.45
2024-08-01,Delta,BA,183717.22,202602.25
2024-08-01,Delta,CE,5091.18,5614.53
2024-08-01,Delta,DF,243501.71,268532.23
2024-08-01,Delta,ES,472871.19,521479.51
2024-08-01,Delta,GO,18932.31,20878.44
2024-08-01,Delta,MA,94694.45,104428.47
2024-08-01,Delta,MT,38427.58,42377.7
2024-08-01,Delta,MS,107911.81,119004.49
2024-08-01,Delta,MG,257943.9,284458.99
2024-08-01,Delta,PA,173843.34,191713.4
2024-08-01,Delta,PB,85301.02,94069.45
2024-08-01,Delta,PR,34644.27,38205.49
2024-08-01,Delta,PE,656240.47,723698.05
2024-08-01,Delta,PI,49972.08,55108.91
2024-08-01,Delta,RJ,58957.37,65017.84
2024-08-01,Delta,RN,839.2,925.46
2024-08-01,Delta,RS,723532.26,797907.03
2024-08-01,Delta,RO,247278.56,272697.31
2024-08-01,Delta,RR,323822.13,357109.1
2024-08-01,Delta,SC,314999.88,347379.98
2024-08-01,Delta,SP,86687.81,95598.8
2024-08-01,Delta,SE,95990.33,105857.56
2024-08-01,Delta,TO,272845.83,300892.74
2024-08-01,Epsilon,AC,12579.07,14038.11
2024-08-01,Epsilon,AL,103673.21,115698.2
2024-08-01,Epsilon,AP,491187.56,548160.1
2024-08-01,Epsilon,AM,138964.87,155083.32
2024-08-01,Epsilon,BA,151810.41,169418.81
2024-08-01,Epsilon,CE,46064.28,51407.24
2024-08-01,Epsilon,DF,605032.39,675209.71
2024-08-01,Epsilon,ES,367636.99,410278.97
2024-08-01,Epsilon,GO,107623.6,120106.79
2024-08-01,Epsilon,MA,66309.22,74000.38
2024-08-01,Epsilon,MT,48812.07,54473.76
2024-08-01,Epsilon,MS,79108.83,88284.61
2024-08-01,Epsilon,MG,25044.0,27948.84
2024-08-01,Epsilon,PA,42238.59,47137.81
2024-08-01,Epsilon,PB,7490.85,8359.71
2024-08-01,Epsilon,PR,296242.28,330603.23
2024-08-01,Epsilon,PE,13192.86,14723.09
2024-08-01,Epsilon,PI,7988.08,8914.61
2024-08-01,Epsilon,RJ,293097.28,327093.45
2024-08-01,Epsilon,RN,116808.18,130356.69
2024-08-01,Epsilon,RS,194309.62,216847.47
2024-08-01,Epsilon,RO,261087.66,291371.06
2024-08-01,Epsilon,RR,102986.34,114931.67
2024-08-01,Epsilon,SC,202539.11,226031.5
2024-08-01,Epsilon,SP,110432.46,123241.45
2024-08-01,Epsilon,SE,569918.48,636022.96
2024-08-01,Epsilon,TO,253985.44,283445.05
2024-08-01,Omega,AC,113989.26999999999,133804.46
2024-08-01,Omega,AL,35186.83,41303.48
2024-08-01,Omega,AP,201765.17,236838.71
2024-08-01,Omega,AM,44156.93,51832.88
2024-08-01,Omega,BA,115355.77,135408.47
2024-08-01,Omega,CE,119256.62,139987.42
2024-08-01,Omega,DF,129776.17,152335.61
2024-08-01,Omega,ES,45273.55,53143.61
2024-08-01,Omega,GO,118532.96,139137.95
2024-08-01,Omega,MA,297654.28,349396.57
2024-08-01,Omega,MT,47191.26,55394.68
2024-08-01,Omega,MS,67867.94,79665.66
2024-08-01,Omega,MG,191515.27,224807.04
2024-08-01,Omega,PA,36322.75,42636.86
2024-08-01,Omega,PB,481538.27,565245.76
2024-08-01,Omega,PR,230444.12,270503.02
2024-08-01,Omega,PE,231190.06,271378.63
2024-08-01,Omega,PI,199160.11,233780.8
2024-08-01,Omega,RJ,59071.36,69339.94
2024-08-01,Omega,RN,96710.83,113522.41
2024-08-01,Omega,RS,113812.65,133597.1
2024-08-01,Omega,RO,122255.79,143507.94
2024-08-01,Omega,RR,219926.15,258156.69
2024-08-01,Omega,SC,59531.23,69879.75
2024-08-01,Omega,SP,96275.81,113011.77
2024-08-01,Omega,SE,554749.59,651183.66
2024-08-01,Omega,TO,455250.01,534387.72
2024-08-01,Capa,AC,2841.3500000000004,7949.89
2024-08-01,Capa,AL,639.89,1790.37
2024-08-01,Capa,AP,1057.94,2960.06
2024-08-01,Capa,AM,1008.16,2820.77
2024-08-01,Capa,BA,2761.7,7727.05
2024-08-01,Capa,CE,6831.3,19113.51
2024-08-01,Capa,DF,1642.44,4595.44
2024-08-01,Capa,ES,7801.69,21828.58
2024-08-01,Capa,GO,5743.38,16069.58
2024-08-01,Capa,MA,1944.88,5441.64
2024-08-01,Capa,MT,2937.29,8218.32
2024-08-01,Capa,MS,2471.13,6914.06
2024-08-01,Capa,MG,4623.81,12937.1
2024-08-01,Capa,PA,2322.34,6497.74
2024-08-01,Capa,PB,1842.53,5155.27
2024-08-01,Capa,PR,2361.6,6607.6
2024-08-01,Capa,PE,2237.4,6260.08
2024-08-01,Capa,PI,762.42,2133.19
2024-08-01,Capa,RJ,63.07,176.47
2024-08-01,Capa,RN,1304.75,3650.6
2024-08-01,Capa,RS,1152.17,3223.68
2024-08-01,Capa,RO,15384.84,43045.71
2024-08-01,Capa,RR,2155.95,6032.2
2024-08-01,Capa,SC,2284.77,6392.62
2024-08-01,Capa,SP,2806.13,7851.35
2024-08-01,Capa,SE,3048.23,8528.73
2024-08-01,Capa,TO,452.68,1266.57
2024-08-01,Iota,AC,297.44,616.42
2024-08-01,Iota,AL,4.93,10.22
2024-08-01,Iota,AP,2596.38,5380.67
2024-08-01,Iota,AM,14236.33,29503.05
2024-08-01,Iota,BA,2291.96,4749.8
2024-08-01,Iota,CE,262.89,544.81
2024-08-01,Iota,DF,1236.07,2561.6
2024-08-01,Iota,ES,726.18,1504.93
2024-08-01,Iota,GO,4618.17,9570.59
2024-08-01,Iota,MA,1368.59,2836.24
2024-08-01,Iota,MT,3710.62,7689.81
2024-08-01,Iota,MS,1975.68,4094.36
2024-08-01,Iota,MG,3685.91,7638.59
2024-08-01,Iota,PA,3421.6,7090.85
2024-08-01,Iota,PB,7856.89,16282.44
2024-08-01,Iota,PR,1315.26,2725.71
2024-08-01,Iota,PE,1521.34,3152.8
2024-08-01,Iota,PI,2314.67,4796.87
2024-08-01,Iota,RJ,2651.87,5495.68
2024-08-01,Iota,RN,827.08,1714.03
2024-08-01,Iota,RS,2869.63,5946.96
2024-08-01,Iota,RO,4761.41,9867.45
2024-08-01,Iota,RR,1072.85,2223.34
2024-08-01,Iota,SC,7678.96,15913.72
2024-08-01,Iota,SP,6370.82,13202.75
2024-08-01,Iota,SE,5899.57,12226.14
2024-08-01,Iota,TO,4978.34,10316.99
2024-09-01,Alfa,AC,439095.93,406352.39999999997
2024-09-01,Alfa,AL,766763.61,709585.83
2024-09-01,Alfa,AP,227493.65,210529.39
2024-09-01,Alfa,AM,72945.83,67506.24
2024-09-01,Alfa,BA,1256499.89,1162802.33
2024-09-01,Alfa,CE,1037419.96,960059.25
2024-09-01,Alfa,DF,179440.66,166059.72
2024-09-01,Alfa,ES,199801.9,184902.62
2024-09-01,Alfa,GO,627264.28,580489.0
2024-09-01,Alfa,MA,234152.59,216691.77
2024-09-01,Alfa,MT,241485.49,223477.85
2024-09-01,Alfa,MS,315241.12,291733.5
2024-09-01,Alfa,MG,108433.33,100347.43
2024-09-01,Alfa,PA,332044.53,307283.87
2024-09-01,Alfa,PB,97587.27,90310.16
2024-09-01,Alfa,PR,178373.76,165072.37
2024-09-01,Alfa,PE,137656.72,127391.62
2024-09-01,Alfa,PI,32356.24,29943.43
2024-09-01,Alfa,RJ,837845.07,775366.72
2024-09-01,Alfa,RN,159678.88,147771.58
2024-09-01,Alfa,RS,147419.13,136426.05
2024-09-01,Alfa,RO,2636105.04,2439529.93
2024-09-01,Alfa,RR,361119.45,334190.67
2024-09-01,Alfa,SC,21658.16,20043.1
2024-09-01,Alfa,SP,227166.93,210227.03
2024-09-01,Alfa,SE,167896.36,155376.28
2024-09-01,Alfa,TO,262670.92,243083.47
2024-09-01,Beta,AC,87780.86,80440.3
2024-09-01,Beta,AL,44352.16,40643.28
2024-09-01,Beta,AP,593307.33,543692.83
2024-09-01,Beta,AM,13581.9,12446.13
2024-09-01,Beta,BA,710948.06,651496.02
2024-09-01,Beta,CE,80703.54,73954.82
2024-09-01,Beta,DF,666356.24,610633.13
2024-09-01,Beta,ES,590837.09,541429.16
2024-09-01,Beta,GO,509192.8,466612.26
2024-09-01,Beta,MA,18013.71,16507.34
2024-09-01,Beta,MT,201408.41,184565.91
2024-09-01,Beta,MS,490394.46,449385.9
2024-09-01,Beta,MG,9782.41,8964.37
2024-09-01,Beta,PA,174328.91,159750.9
2024-09-01,Beta,PB,236926.35,217113.71
2024-09-01,Beta,PR,964507.87,883852.24
2024-09-01,Beta,PE,122934.75,112654.5
2024-09-01,Beta,PI,101317.18,92844.67
2024-09-01,Beta,RJ,1569064.88,1437854.0
2024-09-01,Beta,RN,209728.62,192190.35
2024-09-01,Beta,RS,210723.49,193102.03
2024-09-01,Beta,RO,661454.05,606140.87
2024-09-01,Beta,RR,563739.78,516597.82
2024-09-01,Beta,SC,266630.77,244334.15
2024-09-01,Beta,SP,442663.84,405646.69
2024-09-01,Beta,SE,186788.17,171168.27
2024-09-01,Beta,TO,548111.66,502276.58
2024-09-01,Gamma,AC,20162.62,24987.95
2024-09-01,Gamma,AL,58681.41,72725.01
2024-09-01,Gamma,AP,2386.66,2957.84
2024-09-01,Gamma,AM,34842.04,43180.42
2024-09-01,Gamma,BA,98997.5,122689.52
2024-09-01,Gamma,CE,56892.46,70507.93
2024-09-01,Gamma,DF,19661.59,24366.99
2024-09-01,Gamma,ES,831431.81,1030409.58
2024-09-01,Gamma,GO,261301.06,323835.47
2024-09-01,Gamma,MA,40011.0,49586.41
2024-09-01,Gamma,MT,245212.95,303897.16
2024-09-01,Gamma,MS,343156.2,425280.14
2024-09-01,Gamma,MG,185443.34,229823.54
2024-09-01,Gamma,PA,7536.4,9340.0
2024-09-01,Gamma,PB,111281.7,137913.57
2024-09-01,Gamma,PR,98257.56,121772.5
2024-09-01,Gamma,PE,102189.15,126645.0
2024-09-01,Gamma,PI,15932.68,19745.68
2024-09-01,Gamma,RJ,167475.71,207555.89
2024-09-01,Gamma,RN,284544.33,352641.31
2024-09-01,Gamma,RS,11526.32,14284.79
2024-09-01,Gamma,RO,42207.15,52308.14
2024-09-01,Gamma,RR,1556.28,1928.73
2024-09-01,Gamma,SC,231710.49,287163.31
2024-09-01,Gamma,SP,641208.73,794662.42
2024-09-01,Gamma,SE,2682.85,3324.91
2024-09-01,Gamma,TO,304798.41,377742.58
2024-09-01,Delta,AC,484252.75,512149.41000000003
2024-09-01,Delta,AL,629321.66,665575.4
2024-09-01,Delta,AP,271329.79,286960.46
2024-09-01,Delta,AM,22512.21,23809.08
2024-09-01,Delta,BA,133588.29,141283.99
2024-09-01,Delta,CE,31626.47,33448.4
2024-09-01,Delta,DF,791965.13,837588.38
2024-09-01,Delta,ES,107282.84,113463.15
2024-09-01,Delta,GO,42431.64,44876.03
2024-09-01,Delta,MA,59731.37,63172.35
2024-09-01,Delta,MT,564579.76,597103.87
2024-09-01,Delta,MS,19288.2,20399.34
2024-09-01,Delta,MG,219731.47,232389.68
2024-09-01,Delta,PA,370173.49,391498.31
2024-09-01,Delta,PB,86956.86,91966.24
2024-09-01,Delta,PR,182857.01,193390.97
2024-09-01,Delta,PE,136132.37,143974.64
2024-09-01,Delta,PI,102328.33,108223.22
2024-09-01,Delta,RJ,85816.11,90759.77
2024-09-01,Delta,RN,11731.7,12407.53
2024-09-01,Delta,RS,57036.43,60322.17
2024-09-01,Delta,RO,32548.64,34423.69
2024-09-01,Delta,RR,101460.46,107305.35
2024-09-01,Delta,SC,234900.55,248432.62
2024-09-01,Delta,SP,45672.5,48303.59
2024-09-01,Delta,SE,55342.75,58530.91
2024-09-01,Delta,TO,65731.6,69518.24
2024-09-01,Epsilon,AC,357911.02,417764.06
2024-09-01,Epsilon,AL,26852.39,31342.89
2024-09-01,Epsilon,AP,419683.13,489866.23
2024-09-01,Epsilon,AM,275762.33,321877.73
2024-09-01,Epsilon,BA,17206.23,20083.6
2024-09-01,Epsilon,CE,198550.1,231753.39
2024-09-01,Epsilon,DF,160757.02,187640.22
2024-09-01,Epsilon,ES,133505.9,155831.93
2024-09-01,Epsilon,GO,14563.97,16999.48
2024-09-01,Epsilon,MA,187346.98,218676.78
2024-09-01,Epsilon,MT,139615.02,162962.67
2024-09-01,Epsilon,MS,56336.06,65757.07
2024-09-01,Epsilon,MG,106766.76,124621.23
2024-09-01,Epsilon,PA,263757.04,307864.8
2024-09-01,Epsilon,PB,8451.08,9864.34
2024-09-01,Epsilon,PR,98213.69,114637.85
2024-09-01,Epsilon,PE,330085.36,385285.13
2024-09-01,Epsilon,PI,100649.62,117481.13
2024-09-01,Epsilon,RJ,351503.9,410285.46
2024-09-01,Epsilon,RN,32147.84,37523.88
2024-09-01,Epsilon,RS,264815.02,309099.71
2024-09-01,Epsilon,RO,498485.2,581846.27
2024-09-01,Epsilon,RR,27414.95,31999.52
2024-09-01,Epsilon,SC,316539.22,369473.69
2024-09-01,Epsilon,SP,54356.49,63446.46
2024-09-01,Epsilon,SE,21968.99,25642.84
2024-09-01,Epsilon,TO,18546.86,21648.43
2024-09-01,Omega,AC,4478.09,4958.4
2024-09-01,Omega,AL,86420.03,95689.46
2024-09-01,Omega,AP,160308.01,177502.68
2024-09-01,Omega,AM,180001.59,199308.59
2024-09-01,Omega,BA,71139.7,78770.16
2024-09-01,Omega,CE,117462.79,130061.87
2024-09-01,Omega,DF,61982.25,68630.48
2024-09-01,Omega,ES,85579.01,94758.23
2024-09-01,Omega,GO,367786.65,407235.52
2024-09-01,Omega,MA,164216.66,181830.57
2024-09-01,Omega,MT,419322.37,464298.97
2024-09-01,Omega,MS,84921.33,94030.01
2024-09-01,Omega,MG,8368.29,9265.88
2024-09-01,Omega,PA,236849.94,262254.51
2024-09-01,Omega,PB,386226.7,427653.45
2024-09-01,Omega,PR,30695.56,33987.97
2024-09-01,Omega,PE,347517.95,384792.79
2024-09-01,Omega,PI,37653.87,41692.64
2024-09-01,Omega,RJ,110226.62,122049.54
2024-09-01,Omega,RN,250407.6,277266.37
2024-09-01,Omega,RS,31136.54,34476.26
2024-09-01,Omega,RO,299519.29,331645.79
2024-09-01,Omega,RR,233654.91,258716.79
2024-09-01,Omega,SC,329223.02,364535.54
2024-09-01,Omega,SP,24607.89,27247.34
2024-09-01,Omega,SE,89350.38,98934.12
2024-09-01,Omega,TO,505466.44,559682.86
2024-09-01,Capa,AC,6186.22,17563.19
2024-09-01,Capa,AL,4635.14,13159.53
2024-09-01,Capa,AP,344.7,978.63
2024-09-01,Capa,AM,594.99,1689.23
2024-09-01,Capa,BA,5338.21,15155.61
2024-09-01,Capa,CE,2345.55,6659.2
2024-09-01,Capa,DF,1948.42,5531.71
2024-09-01,Capa,ES,1105.41,3138.34
2024-09-01,Capa,GO,2032.62,5770.77
2024-09-01,Capa,MA,1576.33,4475.31
2024-09-01,Capa,MT,1878.07,5331.99
2024-09-01,Capa,MS,6311.52,17918.9
2024-09-01,Capa,MG,123.55,350.77
2024-09-01,Capa,PA,7768.88,22056.47
2024-09-01,Capa,PB,1201.01,3409.77
2024-09-01,Capa,PR,1179.03,3347.36
2024-09-01,Capa,PE,4020.13,11413.48
2024-09-01,Capa,PI,6972.92,19796.68
2024-09-01,Capa,RJ,2903.14,8242.25
2024-09-01,Capa,RN,982.18,2788.48
2024-09-01,Capa,RS,388.02,1101.61
2024-09-01,Capa,RO,1918.6,5447.05
2024-09-01,Capa,RR,274.33,778.86
2024-09-01,Capa,SC,6767.29,19212.86
2024-09-01,Capa,SP,1232.62,3499.5
2024-09-01,Capa,SE,4591.56,13035.79
2024-09-01,Capa,TO,5813.9,16506.11
2024-09-01,Iota,AC,5051.629999999999,9615.58
2024-09-01,Iota,AL,3185.69,6063.8
2024-09-01,Iota,AP,1622.74,3088.8
2024-09-01,Iota,AM,4809.03,9153.74
2024-09-01,Iota,BA,4457.75,8485.1
2024-09-01,Iota,CE,583.42,1110.51
2024-09-01,Iota,DF,5414.14,10305.54
2024-09-01,Iota,ES,1716.77,3267.78
2024-09-01,Iota,GO,10240.04,19491.39
2024-09-01,Iota,MA,7058.49,13435.48
2024-09-01,Iota,MT,2757.45,5248.67
2024-09-01,Iota,MS,3574.15,6803.22
2024-09-01,Iota,MG,540.82,1029.41
2024-09-01,Iota,PA,2574.22,4899.9
2024-09-01,Iota,PB,2231.84,4248.19
2024-09-01,Iota,PR,1756.72,3343.83
2024-09-01,Iota,PE,2343.76,4461.24
2024-09-01,Iota,PI,15827.76,30127.34
2024-09-01,Iota,RJ,574.58,1093.69
2024-09-01,Iota,RN,343.97,654.72
2024-09-01,Iota,RS,2291.88,4362.47
2024-09-01,Iota,RO,1529.79,2911.88
2024-09-01,Iota,RR,3958.61,7535.01
2024-09-01,Iota,SC,1071.9,2040.3
2024-09-01,Iota,SP,7396.82,14079.48
2024-09-01,Iota,SE,6269.32,11933.33
2024-09-01,Iota,TO,792.85,1509.15
2024-10-01,Alfa,AC,77798.18,70635.87999999999
2024-10-01,Alfa,AL,653887.24,593688.67
2024-10-01,Alfa,AP,19503.44,17707.9
2024-10-01,Alfa,AM,176878.17,160594.3
2024-10-01,Alfa,BA,1160080.92,1053280.83
2024-10-01,Alfa,CE,78981.37,71710.14
2024-10-01,Alfa,DF,497410.06,451617.18
2024-10-01,Alfa,ES,359934.96,326798.4
2024-10-01,Alfa,GO,1920358.48,1743565.25
2024-10-01,Alfa,MA,263454.17,239199.89
2024-10-01,Alfa,MT,979218.73,889069.29
2024-10-01,Alfa,MS,1362380.04,1236955.76
2024-10-01,Alfa,MG,94355.24,85668.65
2024-10-01,Alfa,PA,375170.17,340631.02
2024-10-01,Alfa,PB,430059.85,390467.42
2024-10-01,Alfa,PR,370717.86,336588.6
2024-10-01,Alfa,PE,1008090.33,915282.89
2024-10-01,Alfa,PI,29431.83,26722.26
2024-10-01,Alfa,RJ,155632.26,141304.35
2024-10-01,Alfa,RN,122079.82,110840.83
2024-10-01,Alfa,RS,50779.24,46104.37
2024-10-01,Alfa,RO,149665.32,135886.74
2024-10-01,Alfa,RR,219779.9,199546.39
2024-10-01,Alfa,SC,226330.55,205493.96
2024-10-01,Alfa,SP,17997.41,16340.52
2024-10-01,Alfa,SE,420237.67,381549.49
2024-10-01,Alfa,TO,99869.4,90675.16
2024-10-01,Beta,AC,198333.72,179196.71000000002
2024-10-01,Beta,AL,274644.65,248144.52
2024-10-01,Beta,AP,144806.82,130834.59
2024-10-01,Beta,AM,26177.77,23651.91
2024-10-01,Beta,BA,3599.56,3252.25
2024-10-01,Beta,CE,151485.26,136868.63
2024-10-01,Beta,DF,481762.07,435277.43
2024-10-01,Beta,ES,1062890.97,960333.9
2024-10-01,Beta,GO,398603.53,360142.76
2024-10-01,Beta,MA,134520.56,121540.83
2024-10-01,Beta,MT,812395.65,734008.57
2024-10-01,Beta,MS,728110.7,657856.18
2024-10-01,Beta,MG,441259.29,398682.71
2024-10-01,Beta,PA,749235.9,676943.03
2024-10-01,Beta,PB,417376.44,377104.29
2024-10-01,Beta,PR,226212.81,204385.81
2024-10-01,Beta,PE,470519.44,425119.59
2024-10-01,Beta,PI,302029.34,272886.89
2024-10-01,Beta,RJ,696469.77,629268.24
2024-10-01,Beta,RN,74639.33,67437.47
2024-10-01,Beta,RS,45563.52,41167.15
2024-10-01,Beta,RO,185051.87,167196.43
2024-10-01,Beta,RR,36645.71,33109.81
2024-10-01,Beta,SC,189453.91,171173.73
2024-10-01,Beta,SP,344538.33,311294.24
2024-10-01,Beta,SE,578870.22,523015.73
2024-10-01,Beta,TO,1062787.2,960240.14
2024-10-01,Gamma,AC,80789.25,99166.51999999999
2024-10-01,Gamma,AL,73370.67,90060.44
2024-10-01,Gamma,AP,7826.38,9606.67
2024-10-01,Gamma,AM,29048.89,35656.7
2024-10-01,Gamma,BA,17837.43,21894.95
2024-10-01,Gamma,CE,138023.31,169419.76
2024-10-01,Gamma,DF,93907.68,115269.05
2024-10-01,Gamma,ES,470819.28,577917.51
2024-10-01,Gamma,GO,4751.08,5831.82
2024-10-01,Gamma,MA,53396.17,65542.31
2024-10-01,Gamma,MT,84683.16,103946.21
2024-10-01,Gamma,MS,152627.99,187346.6
2024-10-01,Gamma,MG,43962.39,53962.61
2024-10-01,Gamma,PA,62770.67,77049.25
2024-10-01,Gamma,PB,44670.3,54831.54
2024-10-01,Gamma,PR,192921.5,236805.75
2024-10-01,Gamma,PE,44118.95,54154.78
2024-10-01,Gamma,PI,208271.47,255647.41
2024-10-01,Gamma,RJ,209282.51,256888.44
2024-10-01,Gamma,RN,127439.71,156428.69
2024-10-01,Gamma,RS,61230.25,75158.42
2024-10-01,Gamma,RO,19662.16,24134.76
2024-10-01,Gamma,RR,94829.19,116400.18
2024-10-01,Gamma,SC,188234.08,231052.07
2024-10-01,Gamma,SP,1595552.68,1958496.34
2024-10-01,Gamma,SE,62546.22,76773.74
2024-10-01,Gamma,TO,24049.88,29520.56
2024-10-01,Delta,AC,372887.56,451712.89999999997
2024-10-01,Delta,AL,115407.43,139803.61
2024-10-01,Delta,AP,59358.56,71906.47
2024-10-01,Delta,AM,98561.24,119396.28
2024-10-01,Delta,BA,68366.94,82819.15
2024-10-01,Delta,CE,93089.94,112768.38
2024-10-01,Delta,DF,163820.74,198451.09
2024-10-01,Delta,ES,42884.63,51950.09
2024-10-01,Delta,GO,226744.31,274676.19
2024-10-01,Delta,MA,265469.26,321587.28
2024-10-01,Delta,MT,24328.16,29470.93
2024-10-01,Delta,MS,26510.86,32115.04
2024-10-01,Delta,MG,95218.3,115346.67
2024-10-01,Delta,PA,228615.27,276942.66
2024-10-01,Delta,PB,75406.47,91346.78
2024-10-01,Delta,PR,863785.07,1046382.12
2024-10-01,Delta,PE,276623.87,335099.88
2024-10-01,Delta,PI,9083.93,11004.2
2024-10-01,Delta,RJ,147320.7,178463.08
2024-10-01,Delta,RN,222867.84,269980.27
2024-10-01,Delta,RS,22932.64,27780.41
2024-10-01,Delta,RO,317575.05,384707.8
2024-10-01,Delta,RR,41309.53,50042.03
2024-10-01,Delta,SC,39210.58,47499.37
2024-10-01,Delta,SP,158161.82,191595.92
2024-10-01,Delta,SE,11135.37,13489.3
2024-10-01,Delta,TO,175521.4,212625.18
2024-10-01,Epsilon,AC,45234.159999999996,55627.329999999994
2024-10-01,Epsilon,AL,227909.96,280275.54
2024-10-01,Epsilon,AP,129417.96,159153.6
2024-10-01,Epsilon,AM,239898.95,295019.18
2024-10-01,Epsilon,BA,148300.67,182374.88
2024-10-01,Epsilon,CE,405423.26,498575.08
2024-10-01,Epsilon,DF,301265.37,370485.41
2024-10-01,Epsilon,ES,92955.13,114312.91
2024-10-01,Epsilon,GO,197925.34,243401.53
2024-10-01,Epsilon,MA,23171.37,28495.33
2024-10-01,Epsilon,MT,227976.37,280357.22
2024-10-01,Epsilon,MS,22032.65,27094.97
2024-10-01,Epsilon,MG,3448.27,4240.56
2024-10-01,Epsilon,PA,97496.69,119897.96
2024-10-01,Epsilon,PB,82403.11,101336.41
2024-10-01,Epsilon,PR,215045.22,264454.96
2024-10-01,Epsilon,PE,16138.96,19847.12
2024-10-01,Epsilon,PI,433610.69,533238.98
2024-10-01,Epsilon,RJ,346912.41,426620.52
2024-10-01,Epsilon,RN,524657.57,645205.19
2024-10-01,Epsilon,RS,18928.51,23277.61
2024-10-01,Epsilon,RO,81192.81,99848.02
2024-10-01,Epsilon,RR,35493.43,43648.56
2024-10-01,Epsilon,SC,46442.77,57113.66
2024-10-01,Epsilon,SP,110311.84,135657.57
2024-10-01,Epsilon,SE,57989.38,71313.28
2024-10-01,Epsilon,TO,47236.45,58089.7
2024-10-01,Omega,AC,93030.34999999999,110990.59000000001
2024-10-01,Omega,AL,22545.04,26897.54
2024-10-01,Omega,AP,49412.3,58951.73
2024-10-01,Omega,AM,76662.32,91462.58
2024-10-01,Omega,BA,251810.2,300424.11
2024-10-01,Omega,CE,93565.5,111629.04
2024-10-01,Omega,DF,337151.06,402240.68
2024-10-01,Omega,ES,364366.77,434710.59
2024-10-01,Omega,GO,26377.45,31469.82
2024-10-01,Omega,MA,11823.54,14106.17
2024-10-01,Omega,MT,359252.96,428609.53
2024-10-01,Omega,MS,295459.36,352500.08
2024-10-01,Omega,MG,505580.33,603186.52
2024-10-01,Omega,PA,174003.53,207596.26
2024-10-01,Omega,PB,12968.27,15471.9
2024-10-01,Omega,PR,115393.27,137670.83
2024-10-01,Omega,PE,91758.61,109473.31
2024-10-01,Omega,PI,213164.24,254317.24
2024-10-01,Omega,RJ,26269.19,31340.66
2024-10-01,Omega,RN,23194.98,27672.95
2024-10-01,Omega,RS,103594.47,123594.19
2024-10-01,Omega,RO,15970.26,19053.45
2024-10-01,Omega,RR,17398.23,20757.09
2024-10-01,Omega,SC,282119.35,336584.68
2024-10-01,Omega,SP,333204.58,397532.3
2024-10-01,Omega,SE,251779.43,300387.4
2024-10-01,Omega,TO,159532.8,190331.84
2024-10-01,Capa,AC,1272.73,3094.82
2024-10-01,Capa,AL,5910.34,14371.85
2024-10-01,Capa,AP,11048.8,26866.79
2024-10-01,Capa,AM,15.79,38.39
2024-10-01,Capa,BA,15267.06,37124.1
2024-10-01,Capa,CE,670.27,1629.86
2024-10-01,Capa,DF,5569.78,13543.75
2024-10-01,Capa,ES,760.64,1849.62
2024-10-01,Capa,GO,1429.96,3477.16
2024-10-01,Capa,MA,3255.1,7915.26
2024-10-01,Capa,MT,878.3,2135.71
2024-10-01,Capa,MS,7677.29,18668.45
2024-10-01,Capa,MG,487.06,1184.35
2024-10-01,Capa,PA,219.77,534.4
2024-10-01,Capa,PB,10113.51,24592.48
2024-10-01,Capa,PR,5206.44,12660.23
2024-10-01,Capa,PE,1487.31,3616.62
2024-10-01,Capa,PI,2020.85,4913.99
2024-10-01,Capa,RJ,3439.56,8363.79
2024-10-01,Capa,RN,5079.47,12351.47
2024-10-01,Capa,RS,1497.51,3641.43
2024-10-01,Capa,RO,3222.53,7836.05
2024-10-01,Capa,RR,997.67,2425.97
2024-10-01,Capa,SC,106.44,258.84
2024-10-01,Capa,SP,5717.68,13903.37
2024-10-01,Capa,SE,346.78,843.26
2024-10-01,Capa,TO,65.42,159.08
2024-10-01,Iota,AC,9098.44,16263.88
2024-10-01,Iota,AL,2351.98,4204.28
2024-10-01,Iota,AP,3201.87,5723.51
2024-10-01,Iota,AM,1759.78,3145.7
2024-10-01,Iota,BA,2096.53,3747.65
2024-10-01,Iota,CE,1092.81,1953.45
2024-10-01,Iota,DF,967.78,1729.96
2024-10-01,Iota,ES,1633.8,2920.51
2024-10-01,Iota,GO,7072.81,12643.01
2024-10-01,Iota,MA,12644.05,22601.9
2024-10-01,Iota,MT,6361.71,11371.9
2024-10-01,Iota,MS,4846.54,8663.45
2024-10-01,Iota,MG,2572.28,4598.08
2024-10-01,Iota,PA,1334.32,2385.18
2024-10-01,Iota,PB,3960.97,7080.45
2024-10-01,Iota,PR,266.19,475.83
2024-10-01,Iota,PE,15234.32,27232.14
2024-10-01,Iota,PI,4868.61,8702.9
2024-10-01,Iota,RJ,8302.09,14840.43
2024-10-01,Iota,RN,51.58,92.21
2024-10-01,Iota,RS,415.38,742.51
2024-10-01,Iota,RO,5616.16,10039.19
2024-10-01,Iota,RR,107.89,192.86
2024-10-01,Iota,SC,3026.89,5410.72
2024-10-01,Iota,SP,1003.87,1794.47
2024-10-01,Iota,SE,1479.5,2644.68
2024-10-01,Iota,TO,4922.97,8800.06
2024-11-01,Alfa,AC,470909.02,425580.35000000003
2024-11-01,Alfa,AL,85587.84,77349.34
2024-11-01,Alfa,AP,596750.62,539308.69
2024-11-01,Alfa,AM,922116.06,833355.16
2024-11-01,Alfa,BA,1170178.37,1057539.53
2024-11-01,Alfa,CE,368177.14,332737.21
2024-11-01,Alfa,DF,123136.6,111283.74
2024-11-01,Alfa,ES,89516.76,80900.07
2024-11-01,Alfa,GO,88053.7,79577.84
2024-11-01,Alfa,MA,16789.88,15173.72
2024-11-01,Alfa,MT,659646.55,596150.4
2024-11-01,Alfa,MS,327469.54,295948.03
2024-11-01,Alfa,MG,1070683.63,967621.93
2024-11-01,Alfa,PA,62409.09,56401.73
2024-11-01,Alfa,PB,1489721.5,1346324.12
2024-11-01,Alfa,PR,281253.23,254180.4
2024-11-01,Alfa,PE,57332.1,51813.43
2024-11-01,Alfa,PI,9159.81,8278.11
2024-11-01,Alfa,RJ,108032.81,97633.8
2024-11-01,Alfa,RN,928296.68,838940.84
2024-11-01,Alfa,RS,107844.08,97463.24
2024-11-01,Alfa,RO,600634.87,542819.05
2024-11-01,Alfa,RR,39611.93,35798.97
2024-11-01,Alfa,SC,285262.26,257803.53
2024-11-01,Alfa,SP,480022.55,433816.62
2024-11-01,Alfa,SE,855520.4,773169.85
2024-11-01,Alfa,TO,526900.97,476182.62
2024-11-01,Beta,AC,501732.96,467807.77999999997
2024-11-01,Beta,AL,1808.24,1685.97
2024-11-01,Beta,AP,66148.6,61675.9
2024-11-01,Beta,AM,800746.76,746603.5
2024-11-01,Beta,BA,416748.61,388569.76
2024-11-01,Beta,CE,390112.76,363734.91
2024-11-01,Beta,DF,232258.97,216554.56
2024-11-01,Beta,ES,403980.09,376664.59
2024-11-01,Beta,GO,66809.88,62292.46
2024-11-01,Beta,MA,256739.48,239379.8
2024-11-01,Beta,MT,147987.88,137981.54
2024-11-01,Beta,MS,131579.17,122682.31
2024-11-01,Beta,MG,355621.67,331575.97
2024-11-01,Beta,PA,96436.7,89916.04
2024-11-01,Beta,PB,319455.42,297855.13
2024-11-01,Beta,PR,174552.61,162750.07
2024-11-01,Beta,PE,1647034.12,1535668.33
2024-11-01,Beta,PI,88968.0,82952.34
2024-11-01,Beta,RJ,24382.75,22734.09
2024-11-01,Beta,RN,738583.48,688643.44
2024-11-01,Beta,RS,1138054.63,1061103.97
2024-11-01,Beta,RO,374884.31,349536.15
2024-11-01,Beta,RR,15451.4,14406.64
2024-11-01,Beta,SC,6109.72,5696.61
2024-11-01,Beta,SP,36054.6,33616.74
2024-11-01,Beta,SE,705633.82,657921.71
2024-11-01,Beta,TO,1174222.99,1094826.77
2024-11-01,Gamma,AC,28055.829999999998,34777.14
2024-11-01,Gamma,AL,34859.47,43210.72
2024-11-01,Gamma,AP,312199.05,386992.25
2024-11-01,Gamma,AM,157135.76,194780.61
2024-11-01,Gamma,BA,148941.57,184623.34
2024-11-01,Gamma,CE,1534.64,1902.29
2024-11-01,Gamma,DF,97836.33,121274.88
2024-11-01,Gamma,ES,107605.07,133383.9
2024-11-01,Gamma,GO,43497.58,53918.24
2024-11-01,Gamma,MA,7389.22,9159.45
2024-11-01,Gamma,MT,169889.27,210589.46
2024-11-01,Gamma,MS,164660.76,204108.37
2024-11-01,Gamma,MG,58067.85,71979.1
2024-11-01,Gamma,PA,284938.67,353201.13
2024-11-01,Gamma,PB,263297.96,326375.97
2024-11-01,Gamma,PR,211091.82,261662.87
2024-11-01,Gamma,PE,101731.86,126103.66
2024-11-01,Gamma,PI,775546.37,961343.2
2024-11-01,Gamma,RJ,47359.42,58705.27
2024-11-01,Gamma,RN,103883.67,128770.97
2024-11-01,Gamma,RS,313426.88,388514.23
2024-11-01,Gamma,RO,229331.83,284272.61
2024-11-01,Gamma,RR,111098.32,137714.03
2024-11-01,Gamma,SC,148664.43,184279.81
2024-11-01,Gamma,SP,267816.47,331976.98
2024-11-01,Gamma,SE,99508.87,123348.11
2024-11-01,Gamma,TO,19851.7,24607.56
2024-11-01,Delta,AC,103869.47,124319.35
2024-11-01,Delta,AL,6911.23,8271.92
2024-11-01,Delta,AP,139838.84,167370.38
2024-11-01,Delta,AM,11090.89,13274.47
2024-11-01,Delta,BA,54418.53,65132.48
2024-11-01,Delta,CE,134612.65,161115.26
2024-11-01,Delta,DF,25137.48,30086.56
2024-11-01,Delta,ES,94908.4,113594.02
2024-11-01,Delta,GO,727028.51,870166.25
2024-11-01,Delta,MA,8961.15,10725.42
2024-11-01,Delta,MT,127820.43,152985.78
2024-11-01,Delta,MS,140431.57,168079.8
2024-11-01,Delta,MG,143328.6,171547.2
2024-11-01,Delta,PA,388971.57,465552.49
2024-11-01,Delta,PB,164519.07,196909.67
2024-11-01,Delta,PR,432316.57,517431.27
2024-11-01,Delta,PE,91263.09,109231.01
2024-11-01,Delta,PI,94935.12,113625.99
2024-11-01,Delta,RJ,476492.66,570304.77
2024-11-01,Delta,RN,123002.98,147219.87
2024-11-01,Delta,RS,44030.93,52699.76
2024-11-01,Delta,RO,192648.57,230577.32
2024-11-01,Delta,RR,132994.39,159178.39
2024-11-01,Delta,SC,170668.66,204269.99
2024-11-01,Delta,SP,122634.11,146778.37
2024-11-01,Delta,SE,245795.96,294188.39
2024-11-01,Delta,TO,64283.75,76939.97
2024-11-01,Epsilon,AC,30507.57,37786.76
2024-11-01,Epsilon,AL,153929.22,190657.22
2024-11-01,Epsilon,AP,120507.85,149261.4
2024-11-01,Epsilon,AM,372459.92,461330.03
2024-11-01,Epsilon,BA,91995.4,113945.79
2024-11-01,Epsilon,CE,39091.15,48418.42
2024-11-01,Epsilon,DF,518467.49,642175.46
2024-11-01,Epsilon,ES,314236.53,389214.35
2024-11-01,Epsilon,GO,209359.74,259313.63
2024-11-01,Epsilon,MA,280969.32,348009.49
2024-11-01,Epsilon,MT,64456.56,79836.09
2024-11-01,Epsilon,MS,36644.67,45388.21
2024-11-01,Epsilon,MG,49737.82,61605.42
2024-11-01,Epsilon,PA,272131.6,337063.05
2024-11-01,Epsilon,PB,184658.41,228718.48
2024-11-01,Epsilon,PR,7687.59,9521.88
2024-11-01,Epsilon,PE,142235.94,176173.88
2024-11-01,Epsilon,PI,42355.83,52462.06
2024-11-01,Epsilon,RJ,407939.04,505274.58
2024-11-01,Epsilon,RN,191616.17,237336.39
2024-11-01,Epsilon,RS,137430.75,170222.16
2024-11-01,Epsilon,RO,96423.98,119431.04
2024-11-01,Epsilon,RR,26021.68,32230.53
2024-11-01,Epsilon,SC,152044.94,188323.34
2024-11-01,Epsilon,SP,94901.84,117545.72
2024-11-01,Epsilon,SE,223718.93,277098.97
2024-11-01,Epsilon,TO,51050.89,63231.8
2024-11-01,Omega,AC,22738.93,26587.93
2024-11-01,Omega,AL,49234.04,57567.86
2024-11-01,Omega,AP,47333.4,55345.5
2024-11-01,Omega,AM,92387.29,108025.64
2024-11-01,Omega,BA,426139.92,498272.4
2024-11-01,Omega,CE,132887.86,155381.71
2024-11-01,Omega,DF,158267.34,185057.16
2024-11-01,Omega,ES,17625.48,20608.94
2024-11-01,Omega,GO,127249.82,148789.33
2024-11-01,Omega,MA,139549.24,163170.66
2024-11-01,Omega,MT,87265.14,102036.47
2024-11-01,Omega,MS,224455.18,262448.59
2024-11-01,Omega,MG,144348.9,168782.76
2024-11-01,Omega,PA,37586.69,43948.97
2024-11-01,Omega,PB,191328.67,223714.77
2024-11-01,Omega,PR,147060.16,171952.95
2024-11-01,Omega,PE,87163.12,101917.17
2024-11-01,Omega,PI,5656.45,6613.91
2024-11-01,Omega,RJ,111603.32,130494.35
2024-11-01,Omega,RN,506659.49,592421.47
2024-11-01,Omega,RS,378371.93,442418.74
2024-11-01,Omega,RO,180372.23,210903.74
2024-11-01,Omega,RR,44055.71,51513.0
2024-11-01,Omega,SC,308227.19,360400.64
2024-11-01,Omega,SP,353619.46,413476.44
2024-11-01,Omega,SE,9922.59,11602.18
2024-11-01,Omega,TO,537192.57,628122.87
2024-11-01,Capa,AC,841.4,1890.61
2024-11-01,Capa,AL,1481.03,3327.8
2024-11-01,Capa,AP,237.55,533.77
2024-11-01,Capa,AM,5454.55,12256.04
2024-11-01,Capa,BA,2468.31,5546.15
2024-11-01,Capa,CE,4170.8,9371.53
2024-11-01,Capa,DF,3590.09,8066.72
2024-11-01,Capa,ES,4570.91,10270.55
2024-11-01,Capa,GO,2076.6,4665.99
2024-11-01,Capa,MA,979.22,2200.24
2024-11-01,Capa,MT,1959.66,4403.24
2024-11-01,Capa,MS,579.35,1301.76
2024-11-01,Capa,MG,13939.7,31321.68
2024-11-01,Capa,PA,1839.08,4132.29
2024-11-01,Capa,PB,1086.61,2441.55
2024-11-01,Capa,PR,1484.49,3335.55
2024-11-01,Capa,PE,1576.4,3542.08
2024-11-01,Capa,PI,2331.98,5239.83
2024-11-01,Capa,RJ,2344.27,5267.44
2024-11-01,Capa,RN,1178.58,2648.2
2024-11-01,Capa,RS,2380.87,5349.68
2024-11-01,Capa,RO,13472.42,30271.72
2024-11-01,Capa,RR,430.11,966.43
2024-11-01,Capa,SC,703.98,1581.79
2024-11-01,Capa,SP,11846.45,26618.27
2024-11-01,Capa,SE,5686.68,12777.63
2024-11-01,Capa,TO,11208.78,25185.46
2024-11-01,Iota,AC,11383.59,20853.56
2024-11-01,Iota,AL,492.69,902.56
2024-11-01,Iota,AP,10871.47,19915.43
2024-11-01,Iota,AM,4531.89,8301.97
2024-11-01,Iota,BA,11833.58,21677.92
2024-11-01,Iota,CE,5154.54,9442.59
2024-11-01,Iota,DF,44.97,82.37
2024-11-01,Iota,ES,2098.57,3844.36
2024-11-01,Iota,GO,1263.37,2314.37
2024-11-01,Iota,MA,7538.17,13809.16
2024-11-01,Iota,MT,6028.73,11044.02
2024-11-01,Iota,MS,1996.23,3656.9
2024-11-01,Iota,MG,2947.15,5398.88
2024-11-01,Iota,PA,1361.17,2493.53
2024-11-01,Iota,PB,1236.29,2264.75
2024-11-01,Iota,PR,593.77,1087.72
2024-11-01,Iota,PE,4078.58,7471.54
2024-11-01,Iota,PI,1727.87,3165.28
2024-11-01,Iota,RJ,3346.75,6130.91
2024-11-01,Iota,RN,4664.15,8544.25
2024-11-01,Iota,RS,4864.57,8911.39
2024-11-01,Iota,RO,1310.11,2399.99
2024-11-01,Iota,RR,1971.13,3610.92
2024-11-01,Iota,SC,77.99,142.87
2024-11-01,Iota,SP,2934.3,5375.34
2024-11-01,Iota,SE,7577.9,13881.95
2024-11-01,Iota,TO,202.24,370.47
2024-12-01,Alfa,AC,476885.38999999996,414054.11
2024-12-01,Alfa,AL,1038838.23,901967.7
2024-12-01,Alfa,AP,352525.17,306078.76
2024-12-01,Alfa,AM,187640.19,162917.95
2024-12-01,Alfa,BA,36099.29,31343.08
2024-12-01,Alfa,CE,28992.85,25172.94
2024-12-01,Alfa,DF,1044881.25,907214.53
2024-12-01,Alfa,ES,1575149.59,1367618.19
2024-12-01,Alfa,GO,450853.93,391452.37
2024-12-01,Alfa,MA,1271150.42,1103671.97
2024-12-01,Alfa,MT,584206.58,507235.35
2024-12-01,Alfa,MS,956056.15,830092.45
2024-12-01,Alfa,MG,538275.89,467356.18
2024-12-01,Alfa,PA,514184.9,446439.26
2024-12-01,Alfa,PB,242883.94,210883.14
2024-12-01,Alfa,PR,536190.12,465545.22
2024-12-01,Alfa,PE,171218.81,148660.14
2024-12-01,Alfa,PI,32702.64,28393.96
2024-12-01,Alfa,RJ,437186.42,379585.6
2024-12-01,Alfa,RN,56150.5,48752.48
2024-12-01,Alfa,RS,323793.63,281132.7
2024-12-01,Alfa,RO,12569.61,10913.52
2024-12-01,Alfa,RR,543511.82,471902.26
2024-12-01,Alfa,SC,215582.13,187178.44
2024-12-01,Alfa,SP,75555.88,65601.13
2024-12-01,Alfa,SE,304734.64,264584.79
2024-12-01,Alfa,TO,286833.6,249042.28
2024-12-01,Beta,AC,762299.8,654250.82
2024-12-01,Beta,AL,425779.89,365429.52
2024-12-01,Beta,AP,38533.35,33071.6
2024-12-01,Beta,AM,80991.55,69511.75
2024-12-01,Beta,BA,1916173.51,1644573.58
2024-12-01,Beta,CE,157767.18,135405.14
2024-12-01,Beta,DF,153897.36,132083.83
2024-12-01,Beta,ES,508732.23,436624.12
2024-12-01,Beta,GO,490855.13,421280.94
2024-12-01,Beta,MA,42346.02,36343.87
2024-12-01,Beta,MT,272614.66,233974.04
2024-12-01,Beta,MS,37622.74,32290.06
2024-12-01,Beta,MG,549411.55,471537.52
2024-12-01,Beta,PA,23739.04,20374.25
2024-12-01,Beta,PB,231946.89,199070.56
2024-12-01,Beta,PR,628621.15,539519.9
2024-12-01,Beta,PE,176149.59,151182.01
2024-12-01,Beta,PI,375675.65,322427.09
2024-12-01,Beta,RJ,268092.78,230093.1
2024-12-01,Beta,RN,604568.71,518876.66
2024-12-01,Beta,RS,924795.64,793714.38
2024-12-01,Beta,RO,382058.45,327905.18
2024-12-01,Beta,RR,783127.35,672126.26
2024-12-01,Beta,SC,130827.97,112284.31
2024-12-01,Beta,SP,238487.52,204684.12
2024-12-01,Beta,SE,180502.5,154917.93
2024-12-01,Beta,TO,808332.62,693758.92
2024-12-01,Gamma,AC,84104.73999999999,91075.67
2024-12-01,Gamma,AL,105213.8,113934.32
2024-12-01,Gamma,AP,707625.68,766276.36
2024-12-01,Gamma,AM,61869.85,66997.86
2024-12-01,Gamma,BA,114323.24,123798.78
2024-12-01,Gamma,CE,102407.45,110895.36
2024-12-01,Gamma,DF,6052.76,6554.43
2024-12-01,Gamma,ES,200247.1,216844.34
2024-12-01,Gamma,GO,120808.58,130821.66
2024-12-01,Gamma,MA,29606.27,32060.14
2024-12-01,Gamma,MT,3933.15,4259.14
2024-12-01,Gamma,MS,123707.23,133960.55
2024-12-01,Gamma,MG,385475.15,417424.78
2024-12-01,Gamma,PA,346278.37,374979.23
2024-12-01,Gamma,PB,61002.59,66058.71
2024-12-01,Gamma,PR,81017.02,87732.01
2024-12-01,Gamma,PE,149098.12,161455.93
2024-12-01,Gamma,PI,21452.94,23231.04
2024-12-01,Gamma,RJ,229033.93,248017.12
2024-12-01,Gamma,RN,66796.24,72332.56
2024-12-01,Gamma,RS,477746.11,517343.51
2024-12-01,Gamma,RO,234274.83,253692.41
2024-12-01,Gamma,RR,83878.79,90830.98
2024-12-01,Gamma,SC,371811.41,402628.55
2024-12-01,Gamma,SP,513046.9,555570.16
2024-12-01,Gamma,SE,175980.16,190566.06
2024-12-01,Gamma,TO,72079.38,78053.6
2024-12-01,Delta,AC,422006.11,455262.36
2024-12-01,Delta,AL,509094.04,549213.27
2024-12-01,Delta,AP,233173.51,251548.78
2024-12-01,Delta,AM,217972.17,235149.5
2024-12-01,Delta,BA,248462.14,268042.23
2024-12-01,Delta,CE,37605.42,40568.92
2024-12-01,Delta,DF,195628.17,211044.68
2024-12-01,Delta,ES,39770.13,42904.23
2024-12-01,Delta,GO,62086.89,66979.66
2024-12-01,Delta,MA,82496.27,88997.4
2024-12-01,Delta,MT,301977.39,325774.76
2024-12-01,Delta,MS,150124.03,161954.58
2024-12-01,Delta,MG,149912.92,161726.83
2024-12-01,Delta,PA,224713.17,242421.72
2024-12-01,Delta,PB,148924.04,160660.03
2024-12-01,Delta,PR,263020.35,283747.71
2024-12-01,Delta,PE,16088.88,17356.77
2024-12-01,Delta,PI,106233.34,114605.08
2024-12-01,Delta,RJ,155657.22,167923.81
2024-12-01,Delta,RN,24350.24,26269.16
2024-12-01,Delta,RS,128237.85,138343.66
2024-12-01,Delta,RO,130781.17,141087.4
2024-12-01,Delta,RR,256524.28,276739.71
2024-12-01,Delta,SC,82185.87,88662.54
2024-12-01,Delta,SP,228997.47,247043.65
2024-12-01,Delta,SE,285306.71,307790.34
2024-12-01,Delta,TO,246176.51,265576.48
2024-12-01,Epsilon,AC,245578.46,269319.75
2024-12-01,Epsilon,AL,225921.4,247762.34
2024-12-01,Epsilon,AP,73341.77,80432.09
2024-12-01,Epsilon,AM,50042.31,54880.15
2024-12-01,Epsilon,BA,70372.45,77175.7
2024-12-01,Epsilon,CE,32574.9,35724.07
2024-12-01,Epsilon,DF,154337.46,169258.03
2024-12-01,Epsilon,ES,139484.54,152969.2
2024-12-01,Epsilon,GO,111814.53,122624.2
2024-12-01,Epsilon,MA,65914.29,72286.56
2024-12-01,Epsilon,MT,20441.6,22417.79
2024-12-01,Epsilon,MS,430343.96,471947.45
2024-12-01,Epsilon,MG,160562.1,176084.44
2024-12-01,Epsilon,PA,285512.71,313114.64
2024-12-01,Epsilon,PB,336322.21,368836.15
2024-12-01,Epsilon,PR,287343.19,315122.08
2024-12-01,Epsilon,PE,104554.65,114662.47
2024-12-01,Epsilon,PI,187822.23,205979.94
2024-12-01,Epsilon,RJ,8581.44,9411.05
2024-12-01,Epsilon,RN,320569.33,351560.36
2024-12-01,Epsilon,RS,447430.76,490686.12
2024-12-01,Epsilon,RO,514777.64,564543.75
2024-12-01,Epsilon,RR,52282.11,57336.48
2024-12-01,Epsilon,SC,46843.6,51372.2
2024-12-01,Epsilon,SP,128692.32,141133.65
2024-12-01,Epsilon,SE,192466.49,211073.18
2024-12-01,Epsilon,TO,172960.47,189681.42
2024-12-01,Omega,AC,163296.44,174859.42
2024-12-01,Omega,AL,157102.55,168226.96
2024-12-01,Omega,AP,167731.5,179608.53
2024-12-01,Omega,AM,122507.96,131182.73
2024-12-01,Omega,BA,118752.98,127161.85
2024-12-01,Omega,CE,83513.18,89426.73
2024-12-01,Omega,DF,32820.3,35144.3
2024-12-01,Omega,ES,66268.68,70961.15
2024-12-01,Omega,GO,32543.79,34848.21
2024-12-01,Omega,MA,144484.35,154715.26
2024-12-01,Omega,MT,790266.27,846224.87
2024-12-01,Omega,MS,190480.2,203968.07
2024-12-01,Omega,MG,170037.39,182077.7
2024-12-01,Omega,PA,176906.0,189432.68
2024-12-01,Omega,PB,53686.23,57487.75
2024-12-01,Omega,PR,143698.99,153874.29
2024-12-01,Omega,PE,49444.37,52945.52
2024-12-01,Omega,PI,236459.82,253203.5
2024-12-01,Omega,RJ,399905.43,428222.66
2024-12-01,Omega,RN,53510.64,57299.72
2024-12-01,Omega,RS,590078.08,631861.4
2024-12-01,Omega,RO,479774.84,513747.6
2024-12-01,Omega,RR,382.44,409.53
2024-12-01,Omega,SC,96872.54,103732.07
2024-12-01,Omega,SP,46365.62,49648.76
2024-12-01,Omega,SE,36758.27,39361.12
2024-12-01,Omega,TO,380798.6,407762.88
2024-12-01,Capa,AC,2079.32,5250.759999999999
2024-12-01,Capa,AL,5117.77,12923.54
2024-12-01,Capa,AP,4550.2,11490.31
2024-12-01,Capa,AM,298.19,753.01
2024-12-01,Capa,BA,261.98,661.56
2024-12-01,Capa,CE,4460.68,11264.23
2024-12-01,Capa,DF,320.39,809.07
2024-12-01,Capa,ES,5924.79,14961.44
2024-12-01,Capa,GO,3249.84,8206.58
2024-12-01,Capa,MA,4012.59,10132.7
2024-12-01,Capa,MT,1673.6,4226.23
2024-12-01,Capa,MS,978.71,2471.46
2024-12-01,Capa,MG,1280.63,3233.88
2024-12-01,Capa,PA,395.51,998.74
2024-12-01,Capa,PB,1339.06,3381.43
2024-12-01,Capa,PR,3683.46,9301.58
2024-12-01,Capa,PE,6486.98,16381.1
2024-12-01,Capa,PI,199.86,504.68
2024-12-01,Capa,RJ,6200.14,15656.78
2024-12-01,Capa,RN,9576.82,24183.66
2024-12-01,Capa,RS,8255.03,20845.83
2024-12-01,Capa,RO,2481.47,6266.29
2024-12-01,Capa,RR,6180.3,15606.67
2024-12-01,Capa,SC,4504.06,11373.78
2024-12-01,Capa,SP,2385.66,6024.35
2024-12-01,Capa,SE,2617.05,6608.64
2024-12-01,Capa,TO,555.22,1402.06
2024-12-01,Iota,AC,299.48,602.13
2024-12-01,Iota,AL,4327.79,8701.43
2024-12-01,Iota,AP,14556.81,29267.89
2024-12-01,Iota,AM,5361.12,10779.05
2024-12-01,Iota,BA,3037.2,6106.59
2024-12-01,Iota,CE,1789.06,3597.08
2024-12-01,Iota,DF,7096.25,14267.7
2024-12-01,Iota,ES,355.55,714.88
2024-12-01,Iota,GO,2540.87,5108.67
2024-12-01,Iota,MA,5604.75,11268.89
2024-12-01,Iota,MT,1537.53,3091.36
2024-12-01,Iota,MS,1856.18,3732.03
2024-12-01,Iota,MG,347.98,699.64
2024-12-01,Iota,PA,608.32,1223.09
2024-12-01,Iota,PB,111.51,224.2
2024-12-01,Iota,PR,1608.84,3234.74
2024-12-01,Iota,PE,2765.33,5559.96
2024-12-01,Iota,PI,1495.15,3006.15
2024-12-01,Iota,RJ,1309.86,2633.59
2024-12-01,Iota,RN,4344.24,8734.51
2024-12-01,Iota,RS,10400.29,20910.8
2024-12-01,Iota,RO,2830.58,5691.16
2024-12-01,Iota,RR,2961.01,5953.39
2024-12-01,Iota,SC,1251.89,2517.05
2024-12-01,Iota,SP,1756.7,3532.01
2024-12-01,Iota,SE,1548.64,3113.68
2024-12-01,Iota,TO,11519.94,23161.97
2025-01-01,Alfa,AC,649730.48,552027.3099999999
2025-01-01,Alfa,AL,802950.51,682206.89
2025-01-01,Alfa,AP,112199.39,95327.41
2025-01-01,Alfa,AM,904498.17,768484.34
2025-01-01,Alfa,BA,304298.9,258539.98
2025-01-01,Alfa,CE,77943.44,66222.7
2025-01-01,Alfa,DF,536374.61,455717.33
2025-01-01,Alfa,ES,83434.93,70888.41
2025-01-01,Alfa,GO,315963.49,268450.51
2025-01-01,Alfa,MA,68998.77,58623.08
2025-01-01,Alfa,MT,412270.34,350275.22
2025-01-01,Alfa,MS,118209.35,100433.63
2025-01-01,Alfa,MG,126064.1,107107.22
2025-01-01,Alfa,PA,84868.14,72106.1
2025-01-01,Alfa,PB,22080.74,18760.35
2025-01-01,Alfa,PR,70076.09,59538.4
2025-01-01,Alfa,PE,779532.82,662310.64
2025-01-01,Alfa,PI,246852.79,209732.32
2025-01-01,Alfa,RJ,935570.87,794884.48
2025-01-01,Alfa,RN,1396741.32,1186706.46
2025-01-01,Alfa,RS,1514038.99,1286365.51
2025-01-01,Alfa,RO,38186.76,32444.43
2025-01-01,Alfa,RR,409750.08,348133.95
2025-01-01,Alfa,SC,55925.5,47515.71
2025-01-01,Alfa,SP,1111379.71,944256.08
2025-01-01,Alfa,SE,794183.55,674758.26
2025-01-01,Alfa,TO,234718.86,199423.03
2025-01-01,Beta,AC,316158.18,282339.05
2025-01-01,Beta,AL,456313.65,407502.27
2025-01-01,Beta,AP,723981.4,646537.88
2025-01-01,Beta,AM,45098.79,40274.62
2025-01-01,Beta,BA,320697.62,286392.94
2025-01-01,Beta,CE,186559.06,166603.03
2025-01-01,Beta,DF,124395.56,111089.1
2025-01-01,Beta,ES,478955.88,427722.49
2025-01-01,Beta,GO,200091.39,178687.83
2025-01-01,Beta,MA,550141.28,491293.25
2025-01-01,Beta,MT,682201.25,609226.91
2025-01-01,Beta,MS,184293.16,164579.51
2025-01-01,Beta,MG,6607.97,5901.12
2025-01-01,Beta,PA,1372675.1,1225841.51
2025-01-01,Beta,PB,476031.31,425110.75
2025-01-01,Beta,PR,884080.46,789511.32
2025-01-01,Beta,PE,36932.28,32981.68
2025-01-01,Beta,PI,54246.12,48443.47
2025-01-01,Beta,RJ,23993.5,21426.94
2025-01-01,Beta,RN,95680.82,85445.95
2025-01-01,Beta,RS,3432.48,3065.31
2025-01-01,Beta,RO,816559.09,729212.64
2025-01-01,Beta,RR,147061.35,131330.36
2025-01-01,Beta,SC,622259.49,555697.06
2025-01-01,Beta,SP,695617.77,621208.28
2025-01-01,Beta,SE,690013.66,616203.64
2025-01-01,Beta,TO,258095.0,230486.86
2025-01-01,Gamma,AC,351969.88,385211.54
2025-01-01,Gamma,AL,507286.69,555197.19
2025-01-01,Gamma,AP,140636.73,153919.12
2025-01-01,Gamma,AM,324552.38,355204.61
2025-01-01,Gamma,BA,97465.07,106670.12
2025-01-01,Gamma,CE,210221.7,230076.01
2025-01-01,Gamma,DF,191007.46,209047.09
2025-01-01,Gamma,ES,11797.82,12912.06
2025-01-01,Gamma,GO,35741.73,39117.34
2025-01-01,Gamma,MA,246068.63,269308.49
2025-01-01,Gamma,MT,4183.66,4578.79
2025-01-01,Gamma,MS,232650.37,254622.95
2025-01-01,Gamma,MG,140132.32,153367.06
2025-01-01,Gamma,PA,747140.35,817703.74
2025-01-01,Gamma,PB,5464.98,5981.12
2025-01-01,Gamma,PR,114917.79,125771.16
2025-01-01,Gamma,PE,504621.42,552280.2
2025-01-01,Gamma,PI,1382.29,1512.84
2025-01-01,Gamma,RJ,169133.23,185106.96
2025-01-01,Gamma,RN,68673.42,75159.25
2025-01-01,Gamma,RS,46145.4,50503.58
2025-01-01,Gamma,RO,215377.4,235718.64
2025-01-01,Gamma,RR,99437.51,108828.85
2025-01-01,Gamma,SC,135157.86,147922.79
2025-01-01,Gamma,SP,29.87,32.69
2025-01-01,Gamma,SE,124251.96,135986.9
2025-01-01,Gamma,TO,12681.12,13878.78
2025-01-01,Delta,AC,16157.68,18309.960000000003
2025-01-01,Delta,AL,198301.88,224717.15
2025-01-01,Delta,AP,34104.68,38647.67
2025-01-01,Delta,AM,4894.25,5546.2
2025-01-01,Delta,BA,307365.79,348309.19
2025-01-01,Delta,CE,44021.47,49885.45
2025-01-01,Delta,DF,1459.46,1653.87
2025-01-01,Delta,ES,215446.5,244145.56
2025-01-01,Delta,GO,134398.46,152301.33
2025-01-01,Delta,MA,170228.65,192904.36
2025-01-01,Delta,MT,370007.38,419295.1
2025-01-01,Delta,MS,36481.17,41340.73
2025-01-01,Delta,MG,51011.32,57806.41
2025-01-01,Delta,PA,247714.72,280712.15
2025-01-01,Delta,PB,81605.57,92476.04
2025-01-01,Delta,PR,53002.74,60063.1
2025-01-01,Delta,PE,301835.73,342042.48
2025-01-01,Delta,PI,77858.61,88229.96
2025-01-01,Delta,RJ,75075.56,85076.18
2025-01-01,Delta,RN,527347.61,597594.21
2025-01-01,Delta,RS,3015.19,3416.84
2025-01-01,Delta,RO,541242.12,613339.57
2025-01-01,Delta,RR,72699.67,82383.81
2025-01-01,Delta,SC,589456.87,667976.88
2025-01-01,Delta,SP,24958.11,28282.72
2025-01-01,Delta,SE,154584.25,175176.01
2025-01-01,Delta,TO,241780.05,273986.94
2025-01-01,Epsilon,AC,18066.289999999997,20803.22
2025-01-01,Epsilon,AL,17089.04,19677.93
2025-01-01,Epsilon,AP,182132.83,209724.84
2025-01-01,Epsilon,AM,18031.9,20763.62
2025-01-01,Epsilon,BA,303395.74,349358.34
2025-01-01,Epsilon,CE,353797.1,407395.19
2025-01-01,Epsilon,DF,28811.54,33176.32
2025-01-01,Epsilon,ES,276079.84,317904.25
2025-01-01,Epsilon,GO,9396.7,10820.24
2025-01-01,Epsilon,MA,591280.89,680856.33
2025-01-01,Epsilon,MT,138891.76,159933.02
2025-01-01,Epsilon,MS,248040.78,285617.44
2025-01-01,Epsilon,MG,245454.2,282639.01
2025-01-01,Epsilon,PA,201735.64,232297.35
2025-01-01,Epsilon,PB,167967.74,193413.83
2025-01-01,Epsilon,PR,5369.38,6182.81
2025-01-01,Epsilon,PE,378504.31,435845.39
2025-01-01,Epsilon,PI,173745.48,200066.86
2025-01-01,Epsilon,RJ,53945.78,62118.23
2025-01-01,Epsilon,RN,79647.11,91713.16
2025-01-01,Epsilon,RS,84587.55,97402.04
2025-01-01,Epsilon,RO,12570.98,14475.4
2025-01-01,Epsilon,RR,39314.04,45269.87
2025-01-01,Epsilon,SC,3818.01,4396.41
2025-01-01,Epsilon,SP,168554.12,194089.04
2025-01-01,Epsilon,SE,101082.67,116396.08
2025-01-01,Epsilon,TO,602073.24,693283.65
2025-01-01,Omega,AC,153875.80000000002,186449.03999999998
2025-01-01,Omega,AL,12393.08,15016.52
2025-01-01,Omega,AP,64631.87,78313.5
2025-01-01,Omega,AM,169881.5,205842.93
2025-01-01,Omega,BA,543707.77,658802.76
2025-01-01,Omega,CE,586523.28,710681.7
2025-01-01,Omega,DF,8942.88,10835.96
2025-01-01,Omega,ES,174399.13,211316.87
2025-01-01,Omega,GO,45345.95,54945.03
2025-01-01,Omega,MA,375212.14,454639.08
2025-01-01,Omega,MT,240183.99,291027.43
2025-01-01,Omega,MS,42211.34,51146.86
2025-01-01,Omega,MG,88327.21,107024.79
2025-01-01,Omega,PA,1409.68,1708.09
2025-01-01,Omega,PB,93271.06,113015.18
2025-01-01,Omega,PR,141715.48,171714.58
2025-01-01,Omega,PE,115866.73,140394.03
2025-01-01,Omega,PI,233199.81,282564.81
2025-01-01,Omega,RJ,26497.96,32107.19
2025-01-01,Omega,RN,315717.47,382550.25
2025-01-01,Omega,RS,84849.29,102810.65
2025-01-01,Omega,RO,88369.56,107076.11
2025-01-01,Omega,RR,63227.24,76611.52
2025-01-01,Omega,SC,270744.33,328056.96
2025-01-01,Omega,SP,92294.83,111832.3
2025-01-01,Omega,SE,66495.59,80571.73
2025-01-01,Omega,TO,180380.16,218564.0
2025-01-01,Capa,AC,1535.09,3698.29
2025-01-01,Capa,AL,7412.72,17858.49
2025-01-01,Capa,AP,1852.03,4461.85
2025-01-01,Capa,AM,5005.19,12058.33
2025-01-01,Capa,BA,1347.24,3245.73
2025-01-01,Capa,CE,5865.5,14130.97
2025-01-01,Capa,DF,5704.4,13742.85
2025-01-01,Capa,ES,4866.44,11724.06
2025-01-01,Capa,GO,6162.52,14846.53
2025-01-01,Capa,MA,3301.83,7954.67
2025-01-01,Capa,MT,786.91,1895.79
2025-01-01,Capa,MS,2746.43,6616.61
2025-01-01,Capa,MG,912.92,2199.38
2025-01-01,Capa,PA,3697.33,8907.5
2025-01-01,Capa,PB,456.24,1099.16
2025-01-01,Capa,PR,3250.68,7831.42
2025-01-01,Capa,PE,606.99,1462.34
2025-01-01,Capa,PI,3421.68,8243.4
2025-01-01,Capa,RJ,15798.14,38060.36
2025-01-01,Capa,RN,4425.24,10661.15
2025-01-01,Capa,RS,1415.23,3409.53
2025-01-01,Capa,RO,1050.53,2530.89
2025-01-01,Capa,RR,2085.02,5023.15
2025-01-01,Capa,SC,2757.36,6642.95
2025-01-01,Capa,SP,3585.01,8636.89
2025-01-01,Capa,SE,1121.97,2703.0
2025-01-01,Capa,TO,3868.4,9319.62
2025-01-01,Iota,AC,7013.33,15091.78
2025-01-01,Iota,AL,3536.71,7610.54
2025-01-01,Iota,AP,1748.24,3761.98
2025-01-01,Iota,AM,3090.41,6650.16
2025-01-01,Iota,BA,457.42,984.32
2025-01-01,Iota,CE,5276.11,11353.51
2025-01-01,Iota,DF,6244.41,13437.16
2025-01-01,Iota,ES,582.47,1253.4
2025-01-01,Iota,GO,103.69,223.12
2025-01-01,Iota,MA,1181.63,2542.72
2025-01-01,Iota,MT,2986.8,6427.2
2025-01-01,Iota,MS,9664.65,20797.07
2025-01-01,Iota,MG,1098.76,2364.39
2025-01-01,Iota,PA,1076.06,2315.55
2025-01-01,Iota,PB,343.42,738.99
2025-01-01,Iota,PR,5446.03,11719.14
2025-01-01,Iota,PE,8407.37,18091.56
2025-01-01,Iota,PI,194.68,418.93
2025-01-01,Iota,RJ,255.65,550.13
2025-01-01,Iota,RN,820.24,1765.06
2025-01-01,Iota,RS,6011.76,12936.53
2025-01-01,Iota,RO,12974.48,27919.39
2025-01-01,Iota,RR,1174.3,2526.95
2025-01-01,Iota,SC,3771.21,8115.15
2025-01-01,Iota,SP,2413.3,5193.11
2025-01-01,Iota,SE,655.99,1411.62
2025-01-01,Iota,TO,2139.83,4604.63
2025-02-01,Alfa,AC,640406.65,561581.61
2025-02-01,Alfa,AL,583776.72,511922.04
2025-02-01,Alfa,AP,64323.85,56406.49
2025-02-01,Alfa,AM,303080.04,265775.17
2025-02-01,Alfa,BA,495753.21,434732.98
2025-02-01,Alfa,CE,320902.11,281403.59
2025-02-01,Alfa,DF,4586.87,4022.29
2025-02-01,Alfa,ES,40006.49,35082.26
2025-02-01,Alfa,GO,999987.14,876902.83
2025-02-01,Alfa,MA,604479.34,530076.46
2025-02-01,Alfa,MT,577443.03,506367.94
2025-02-01,Alfa,MS,920471.25,807174.22
2025-02-01,Alfa,MG,516933.49,453306.27
2025-02-01,Alfa,PA,1614816.87,1416055.69
2025-02-01,Alfa,PB,1003035.63,879576.09
2025-02-01,Alfa,PR,135205.02,118563.19
2025-02-01,Alfa,PE,175906.43,154254.83
2025-02-01,Alfa,PI,317177.43,278137.36
2025-02-01,Alfa,RJ,131489.87,115305.32
2025-02-01,Alfa,RN,833887.69,731247.88
2025-02-01,Alfa,RS,82244.51,72121.37
2025-02-01,Alfa,RO,379771.87,333027.31
2025-02-01,Alfa,RR,582853.26,511112.25
2025-02-01,Alfa,SC,380934.94,334047.22
2025-02-01,Alfa,SP,125743.24,110266.02
2025-02-01,Alfa,SE,292196.77,256231.47
2025-02-01,Alfa,TO,65554.87,57485.99
2025-02-01,Beta,AC,314174.4,290274.48
2025-02-01,Beta,AL,270281.05,249720.19
2025-02-01,Beta,AP,306456.63,283143.81
2025-02-01,Beta,AM,109511.5,101180.73
2025-02-01,Beta,BA,1311551.01,1211778.49
2025-02-01,Beta,CE,501906.84,463725.7
2025-02-01,Beta,DF,376653.23,348000.41
2025-02-01,Beta,ES,421076.3,389044.12
2025-02-01,Beta,GO,185522.67,171409.56
2025-02-01,Beta,MA,1003067.19,926761.7
2025-02-01,Beta,MT,59335.75,54821.95
2025-02-01,Beta,MS,16576.97,15315.92
2025-02-01,Beta,MG,431824.22,398974.42
2025-02-01,Beta,PA,338176.3,312450.49
2025-02-01,Beta,PB,153654.53,141965.7
2025-02-01,Beta,PR,1538977.29,1421903.97
2025-02-01,Beta,PE,483845.05,447037.91
2025-02-01,Beta,PI,280856.44,259491.09
2025-02-01,Beta,RJ,608521.37,562229.83
2025-02-01,Beta,RN,68690.21,63464.8
2025-02-01,Beta,RS,161946.72,149627.08
2025-02-01,Beta,RO,86482.48,79903.57
2025-02-01,Beta,RR,91400.05,84447.05
2025-02-01,Beta,SC,586203.99,541610.19
2025-02-01,Beta,SP,245637.72,226951.53
2025-02-01,Beta,SE,318619.44,294381.37
2025-02-01,Beta,TO,144331.06,133351.48
2025-02-01,Gamma,AC,42258.93,50866.009999999995
2025-02-01,Gamma,AL,43742.33,52651.56
2025-02-01,Gamma,AP,131877.78,158738.0
2025-02-01,Gamma,AM,182400.5,219550.94
2025-02-01,Gamma,BA,584906.29,704037.13
2025-02-01,Gamma,CE,312616.1,376288.22
2025-02-01,Gamma,DF,639594.07,769863.45
2025-02-01,Gamma,ES,216349.8,260414.87
2025-02-01,Gamma,GO,1554.18,1870.73
2025-02-01,Gamma,MA,16209.26,19510.68
2025-02-01,Gamma,MT,126991.61,152856.64
2025-02-01,Gamma,MS,97028.72,116791.06
2025-02-01,Gamma,MG,34877.31,41980.95
2025-02-01,Gamma,PA,36374.47,43783.04
2025-02-01,Gamma,PB,189157.7,227684.41
2025-02-01,Gamma,PR,62148.21,74806.26
2025-02-01,Gamma,PE,193738.5,233198.2
2025-02-01,Gamma,PI,174079.61,209535.29
2025-02-01,Gamma,RJ,71857.69,86493.32
2025-02-01,Gamma,RN,109317.86,131583.18
2025-02-01,Gamma,RS,52849.57,63613.71
2025-02-01,Gamma,RO,133146.62,160265.27
2025-02-01,Gamma,RR,367543.16,442402.55
2025-02-01,Gamma,SC,210192.28,253003.21
2025-02-01,Gamma,SP,140217.66,168776.51
2025-02-01,Gamma,SE,194125.42,233663.93
2025-02-01,Gamma,TO,76319.57,91863.96
2025-02-01,Delta,AC,34790.47,38877.82
2025-02-01,Delta,AL,112875.59,126136.73
2025-02-01,Delta,AP,183550.81,205115.2
2025-02-01,Delta,AM,99617.26,111320.75
2025-02-01,Delta,BA,15112.08,16887.51
2025-02-01,Delta,CE,10599.07,11844.29
2025-02-01,Delta,DF,82945.96,92690.83
2025-02-01,Delta,ES,55049.34,61516.79
2025-02-01,Delta,GO,143952.42,160864.6
2025-02-01,Delta,MA,212259.32,237196.51
2025-02-01,Delta,MT,207024.31,231346.48
2025-02-01,Delta,MS,48511.81,54211.2
2025-02-01,Delta,MG,347899.46,388772.28
2025-02-01,Delta,PA,553619.81,618661.6
2025-02-01,Delta,PB,220332.66,246218.35
2025-02-01,Delta,PR,185343.7,207118.73
2025-02-01,Delta,PE,49650.8,55484.0
2025-02-01,Delta,PI,6522.87,7289.21
2025-02-01,Delta,RJ,312625.07,349353.7
2025-02-01,Delta,RN,598464.91,668775.31
2025-02-01,Delta,RS,698768.12,780862.6
2025-02-01,Delta,RO,12534.83,14007.48
2025-02-01,Delta,RR,258191.36,288524.87
2025-02-01,Delta,SC,146072.13,163233.35
2025-02-01,Delta,SP,4498.34,5026.82
2025-02-01,Delta,SE,117791.8,131630.52
2025-02-01,Delta,TO,65437.63,73125.55
2025-02-01,Epsilon,AC,217182.74,242411.99000000002
2025-02-01,Epsilon,AL,142831.56,159423.72
2025-02-01,Epsilon,AP,182965.41,204219.75
2025-02-01,Epsilon,AM,175940.55,196378.84
2025-02-01,Epsilon,BA,228.71,255.28
2025-02-01,Epsilon,CE,657374.1,733738.55
2025-02-01,Epsilon,DF,302150.86,337250.48
2025-02-01,Epsilon,ES,5609.48,6261.11
2025-02-01,Epsilon,GO,48756.56,54420.41
2025-02-01,Epsilon,MA,51381.54,57350.32
2025-02-01,Epsilon,MT,22738.97,25380.46
2025-02-01,Epsilon,MS,15281.42,17056.6
2025-02-01,Epsilon,MG,134077.26,149652.47
2025-02-01,Epsilon,PA,22485.41,25097.44
2025-02-01,Epsilon,PB,272430.47,304077.6
2025-02-01,Epsilon,PR,134922.71,150596.12
2025-02-01,Epsilon,PE,48985.8,54676.28
2025-02-01,Epsilon,PI,252967.53,282353.73
2025-02-01,Epsilon,RJ,218897.02,244325.39
2025-02-01,Epsilon,RN,554525.81,618942.79
2025-02-01,Epsilon,RS,33540.17,37436.39
2025-02-01,Epsilon,RO,28404.2,31703.8
2025-02-01,Epsilon,RR,31143.0,34760.76
2025-02-01,Epsilon,SC,85829.19,95799.62
2025-02-01,Epsilon,SP,356839.66,398292.26
2025-02-01,Epsilon,SE,616767.25,688414.57
2025-02-01,Epsilon,TO,175436.6,195816.35
2025-02-01,Omega,AC,746385.0,787585.37
2025-02-01,Omega,AL,5673.95,5987.15
2025-02-01,Omega,AP,431459.36,455275.86
2025-02-01,Omega,AM,67650.32,71384.61
2025-02-01,Omega,BA,1974.35,2083.33
2025-02-01,Omega,CE,89241.81,94167.95
2025-02-01,Omega,DF,512195.85,540469.0
2025-02-01,Omega,ES,93206.59,98351.58
2025-02-01,Omega,GO,127028.89,134040.87
2025-02-01,Omega,MA,48948.31,51650.25
2025-02-01,Omega,MT,660.02,696.46
2025-02-01,Omega,MS,428117.44,451749.46
2025-02-01,Omega,MG,153676.94,162159.89
2025-02-01,Omega,PA,12411.2,13096.29
2025-02-01,Omega,PB,178546.41,188402.15
2025-02-01,Omega,PR,48802.54,51496.44
2025-02-01,Omega,PE,10310.93,10880.09
2025-02-01,Omega,PI,83541.44,88152.92
2025-02-01,Omega,RJ,316684.24,334165.16
2025-02-01,Omega,RN,374249.82,394908.36
2025-02-01,Omega,RS,222052.98,234310.28
2025-02-01,Omega,RO,186917.78,197235.61
2025-02-01,Omega,RR,46070.98,48614.09
2025-02-01,Omega,SC,28328.98,29892.74
2025-02-01,Omega,SP,300326.9,316904.9
2025-02-01,Omega,SE,81220.35,85703.7
2025-02-01,Omega,TO,470743.58,496728.57
2025-02-01,Capa,AC,5987.26,13556.050000000001
2025-02-01,Capa,AL,4886.15,11062.94
2025-02-01,Capa,AP,3052.34,6910.95
2025-02-01,Capa,AM,54.23,122.78
2025-02-01,Capa,BA,667.65,1511.65
2025-02-01,Capa,CE,1093.58,2476.01
2025-02-01,Capa,DF,338.08,765.47
2025-02-01,Capa,ES,638.43,1445.51
2025-02-01,Capa,GO,3797.88,8598.95
2025-02-01,Capa,MA,4241.86,9604.18
2025-02-01,Capa,MT,5767.63,13058.74
2025-02-01,Capa,MS,952.44,2156.46
2025-02-01,Capa,MG,7362.0,16668.64
2025-02-01,Capa,PA,1089.16,2466.02
2025-02-01,Capa,PB,97.39,220.5
2025-02-01,Capa,PR,2318.16,5248.64
2025-02-01,Capa,PE,942.46,2133.86
2025-02-01,Capa,PI,4191.37,9489.86
2025-02-01,Capa,RJ,11950.18,27056.93
2025-02-01,Capa,RN,2694.37,6100.45
2025-02-01,Capa,RS,11655.04,26388.68
2025-02-01,Capa,RO,2187.83,4953.55
2025-02-01,Capa,RR,125.61,284.4
2025-02-01,Capa,SC,11232.19,25431.29
2025-02-01,Capa,SP,2991.67,6773.56
2025-02-01,Capa,SE,9087.49,20575.38
2025-02-01,Capa,TO,1103.69,2498.91
2025-02-01,Iota,AC,419.24,794.4499999999999
2025-02-01,Iota,AL,4695.01,8896.35
2025-02-01,Iota,AP,2526.91,4788.12
2025-02-01,Iota,AM,8282.82,15694.71
2025-02-01,Iota,BA,4722.93,8949.26
2025-02-01,Iota,CE,4936.26,9353.48
2025-02-01,Iota,DF,2250.66,4264.66
2025-02-01,Iota,ES,5324.5,10089.15
2025-02-01,Iota,GO,6902.83,13079.84
2025-02-01,Iota,MA,3755.5,7116.11
2025-02-01,Iota,MT,8899.43,16863.11
2025-02-01,Iota,MS,1326.22,2513.0
2025-02-01,Iota,MG,3480.47,6594.97
2025-02-01,Iota,PA,4881.3,9249.34
2025-02-01,Iota,PB,2161.82,4096.32
2025-02-01,Iota,PR,1125.28,2132.24
2025-02-01,Iota,PE,506.98,960.66
2025-02-01,Iota,PI,4392.19,8322.55
2025-02-01,Iota,RJ,1384.75,2623.89
2025-02-01,Iota,RN,319.51,605.42
2025-02-01,Iota,RS,4182.18,7924.61
2025-02-01,Iota,RO,554.41,1050.53
2025-02-01,Iota,RR,10483.15,19864.01
2025-02-01,Iota,SC,425.56,806.37
2025-02-01,Iota,SP,6861.09,13000.75
2025-02-01,Iota,SE,5017.88,9508.13
2025-02-01,Iota,TO,259.45,491.61
2025-03-01,Alfa,AC,88003.75,76232.15
2025-03-01,Alfa,AL,333465.24,288860.18
2025-03-01,Alfa,AP,923569.96,800031.19
2025-03-01,Alfa,AM,99666.36,86334.77
2025-03-01,Alfa,BA,151647.76,131363.02
2025-03-01,Alfa,CE,56551.62,48987.15
2025-03-01,Alfa,DF,1276651.81,1105884.02
2025-03-01,Alfa,ES,49446.28,42832.24
2025-03-01,Alfa,GO,1593857.28,1380659.38
2025-03-01,Alfa,MA,259899.9,225135.11
2025-03-01,Alfa,MT,822658.34,712617.72
2025-03-01,Alfa,MS,714709.7,619108.53
2025-03-01,Alfa,MG,500603.05,433641.27
2025-03-01,Alfa,PA,294254.05,254893.97
2025-03-01,Alfa,PB,476160.6,412468.3
2025-03-01,Alfa,PR,197991.48,171507.69
2025-03-01,Alfa,PE,563273.07,487928.41
2025-03-01,Alfa,PI,3626.01,3140.99
2025-03-01,Alfa,RJ,35092.34,30398.31
2025-03-01,Alfa,RN,57493.22,49802.8
2025-03-01,Alfa,RS,92805.5,80391.63
2025-03-01,Alfa,RO,141376.53,122465.69
2025-03-01,Alfa,RR,926621.56,802674.6
2025-03-01,Alfa,SC,1921309.44,1664310.81
2025-03-01,Alfa,SP,106821.29,92532.64
2025-03-01,Alfa,SE,36198.17,31356.22
2025-03-01,Alfa,TO,119058.82,103133.24
2025-03-01,Beta,AC,494847.78,448673.94
2025-03-01,Beta,AL,516339.85,468160.63
2025-03-01,Beta,AP,771563.8,699569.85
2025-03-01,Beta,AM,228973.2,207607.91
2025-03-01,Beta,BA,212125.67,192332.41
2025-03-01,Beta,CE,392445.64,355826.88
2025-03-01,Beta,DF,548585.4,497397.38
2025-03-01,Beta,ES,347403.21,314987.32
2025-03-01,Beta,GO,12578.7,11405.0
2025-03-01,Beta,MA,1701196.09,1542458.96
2025-03-01,Beta,MT,217517.27,197220.92
2025-03-01,Beta,MS,268078.66,243064.48
2025-03-01,Beta,MG,40726.33,36926.19
2025-03-01,Beta,PA,26094.92,23660.03
2025-03-01,Beta,PB,29701.52,26930.1
2025-03-01,Beta,PR,322929.0,292796.78
2025-03-01,Beta,PE,27029.0,24506.95
2025-03-01,Beta,PI,1366604.31,1239087.66
2025-03-01,Beta,RJ,283060.59,256648.45
2025-03-01,Beta,RN,275342.58,249650.6
2025-03-01,Beta,RS,810898.18,735233.98
2025-03-01,Beta,RO,267973.9,242969.49
2025-03-01,Beta,RR,92783.39,84125.86
2025-03-01,Beta,SC,475376.76,431019.77
2025-03-01,Beta,SP,15000.87,13601.15
2025-03-01,Beta,SE,54707.11,49602.44
2025-03-01,Beta,TO,383104.9,347357.72
2025-03-01,Gamma,AC,115605.15,144169.52
2025-03-01,Gamma,AL,292520.49,364797.96
2025-03-01,Gamma,AP,650478.73,811202.38
2025-03-01,Gamma,AM,220638.87,275155.46
2025-03-01,Gamma,BA,32757.87,40851.86
2025-03-01,Gamma,CE,60870.58,75910.79
2025-03-01,Gamma,DF,46129.22,57527.06
2025-03-01,Gamma,ES,49603.5,61859.79
2025-03-01,Gamma,GO,164374.4,204988.88
2025-03-01,Gamma,MA,276610.89,344957.33
2025-03-01,Gamma,MT,64413.32,80328.89
2025-03-01,Gamma,MS,1603.06,1999.15
2025-03-01,Gamma,MG,48766.12,60815.51
2025-03-01,Gamma,PA,108215.07,134953.41
2025-03-01,Gamma,PB,36256.48,45214.92
2025-03-01,Gamma,PR,64802.85,80814.67
2025-03-01,Gamma,PE,256856.33,320321.72
2025-03-01,Gamma,PI,41869.87,52215.29
2025-03-01,Gamma,RJ,95041.01,118524.23
2025-03-01,Gamma,RN,104856.67,130765.19
2025-03-01,Gamma,RS,272488.84,339816.79
2025-03-01,Gamma,RO,73322.04,91438.83
2025-03-01,Gamma,RR,121495.21,151514.87
2025-03-01,Gamma,SC,60451.5,75388.17
2025-03-01,Gamma,SP,65804.01,82063.2
2025-03-01,Gamma,SE,687400.02,857246.37
2025-03-01,Gamma,TO,99835.83,124503.79
2025-03-01,Delta,AC,84239.57,91956.81000000001
2025-03-01,Delta,AL,7280.71,7947.7
2025-03-01,Delta,AP,15283.74,16683.9
2025-03-01,Delta,AM,5540.73,6048.32
2025-03-01,Delta,BA,152890.97,166897.42
2025-03-01,Delta,CE,120501.29,131540.51
2025-03-01,Delta,DF,35491.07,38742.44
2025-03-01,Delta,ES,185710.17,202723.22
2025-03-01,Delta,GO,243018.46,265281.57
2025-03-01,Delta,MA,120247.15,131263.08
2025-03-01,Delta,MT,81191.82,88629.86
2025-03-01,Delta,MS,60638.8,66193.96
2025-03-01,Delta,MG,34484.76,37643.93
2025-03-01,Delta,PA,98983.42,108051.36
2025-03-01,Delta,PB,138505.1,151193.65
2025-03-01,Delta,PR,95523.01,104273.95
2025-03-01,Delta,PE,107835.81,117714.73
2025-03-01,Delta,PI,522204.77,570044.34
2025-03-01,Delta,RJ,402814.34,439716.46
2025-03-01,Delta,RN,73427.08,80153.79
2025-03-01,Delta,RS,43930.06,47954.53
2025-03-01,Delta,RO,1178266.36,1286208.21
2025-03-01,Delta,RR,17888.32,19527.08
2025-03-01,Delta,SC,171776.34,187512.9
2025-03-01,Delta,SP,256943.82,280482.64
2025-03-01,Delta,SE,3008.28,3283.87
2025-03-01,Delta,TO,441252.35,481675.8
2025-03-01,Epsilon,AC,174341.88999999998,200799.49
2025-03-01,Epsilon,AL,27521.69,31698.29
2025-03-01,Epsilon,AP,508685.87,585882.46
2025-03-01,Epsilon,AM,277056.01,319101.16
2025-03-01,Epsilon,BA,161215.55,185681.11
2025-03-01,Epsilon,CE,59114.33,68085.34
2025-03-01,Epsilon,DF,177254.95,204154.6
2025-03-01,Epsilon,ES,202268.52,232964.16
2025-03-01,Epsilon,GO,594532.19,684756.54
2025-03-01,Epsilon,MA,20998.57,24185.25
2025-03-01,Epsilon,MT,99664.77,114789.59
2025-03-01,Epsilon,MS,41233.46,47490.92
2025-03-01,Epsilon,MG,52520.19,60490.5
2025-03-01,Epsilon,PA,456371.57,525629.1
2025-03-01,Epsilon,PB,17214.47,19826.88
2025-03-01,Epsilon,PR,261070.84,300690.14
2025-03-01,Epsilon,PE,538429.56,620139.96
2025-03-01,Epsilon,PI,3787.72,4362.53
2025-03-01,Epsilon,RJ,44736.3,51525.34
2025-03-01,Epsilon,RN,69127.02,79617.52
2025-03-01,Epsilon,RS,20252.46,23325.91
2025-03-01,Epsilon,RO,12331.44,14202.82
2025-03-01,Epsilon,RR,44556.19,51317.9
2025-03-01,Epsilon,SC,32011.43,36869.39
2025-03-01,Epsilon,SP,183526.13,211377.48
2025-03-01,Epsilon,SE,182372.63,210048.93
2025-03-01,Epsilon,TO,191301.41,220332.72
2025-03-01,Omega,AC,14325.26,16327.2
2025-03-01,Omega,AL,111380.56,126946.08
2025-03-01,Omega,AP,99055.33,112898.38
2025-03-01,Omega,AM,477034.71,543700.66
2025-03-01,Omega,BA,38229.7,43572.33
2025-03-01,Omega,CE,227780.71,259613.23
2025-03-01,Omega,DF,33150.09,37782.84
2025-03-01,Omega,ES,14535.68,16567.06
2025-03-01,Omega,GO,158329.69,180456.38
2025-03-01,Omega,MA,155431.13,177152.74
2025-03-01,Omega,MT,529421.49,603408.53
2025-03-01,Omega,MS,18256.99,20808.42
2025-03-01,Omega,MG,72326.1,82433.73
2025-03-01,Omega,PA,399368.3,455180.31
2025-03-01,Omega,PB,143275.79,163298.68
2025-03-01,Omega,PR,239370.11,272822.26
2025-03-01,Omega,PE,18327.7,20889.01
2025-03-01,Omega,PI,3536.53,4030.76
2025-03-01,Omega,RJ,109544.07,124852.93
2025-03-01,Omega,RN,60636.68,69110.7
2025-03-01,Omega,RS,182028.09,207466.65
2025-03-01,Omega,RO,271678.29,309645.52
2025-03-01,Omega,RR,415018.11,473017.19
2025-03-01,Omega,SC,428466.27,488344.74
2025-03-01,Omega,SP,201059.97,229158.25
2025-03-01,Omega,SE,15321.43,17462.61
2025-03-01,Omega,TO,63521.64,72398.84
2025-03-01,Capa,AC,6511.74,17007.379999999997
2025-03-01,Capa,AL,36.32,94.85
2025-03-01,Capa,AP,3665.2,9572.74
2025-03-01,Capa,AM,727.32,1899.61
2025-03-01,Capa,BA,362.91,947.85
2025-03-01,Capa,CE,286.52,748.34
2025-03-01,Capa,DF,1220.81,3188.49
2025-03-01,Capa,ES,5717.55,14933.07
2025-03-01,Capa,GO,2821.85,7370.08
2025-03-01,Capa,MA,4310.28,11257.55
2025-03-01,Capa,MT,2179.83,5693.28
2025-03-01,Capa,MS,1609.44,4203.53
2025-03-01,Capa,MG,12363.97,32292.15
2025-03-01,Capa,PA,4253.12,11108.26
2025-03-01,Capa,PB,5305.19,13856.06
2025-03-01,Capa,PR,1.56,4.07
2025-03-01,Capa,PE,129.12,337.25
2025-03-01,Capa,PI,2235.49,5838.63
2025-03-01,Capa,RJ,5415.71,14144.72
2025-03-01,Capa,RN,2975.0,7770.08
2025-03-01,Capa,RS,16.18,42.25
2025-03-01,Capa,RO,3212.59,8390.63
2025-03-01,Capa,RR,3739.83,9767.67
2025-03-01,Capa,SC,10055.5,26262.88
2025-03-01,Capa,SP,11.43,29.86
2025-03-01,Capa,SE,228.07,595.67
2025-03-01,Capa,TO,4475.84,11689.96
2025-03-01,Iota,AC,1466.26,2577.15
2025-03-01,Iota,AL,2055.32,3612.47
2025-03-01,Iota,AP,2389.66,4200.1
2025-03-01,Iota,AM,7501.89,13185.43
2025-03-01,Iota,BA,5907.48,10383.07
2025-03-01,Iota,CE,2046.11,3596.28
2025-03-01,Iota,DF,1805.57,3173.49
2025-03-01,Iota,ES,1498.09,2633.06
2025-03-01,Iota,GO,2628.48,4619.85
2025-03-01,Iota,MA,4736.39,8324.74
2025-03-01,Iota,MT,4114.66,7231.98
2025-03-01,Iota,MS,6684.08,11748.03
2025-03-01,Iota,MG,2777.74,4882.19
2025-03-01,Iota,PA,3207.68,5637.86
2025-03-01,Iota,PB,1899.42,3338.44
2025-03-01,Iota,PR,6576.91,11559.68
2025-03-01,Iota,PE,13799.09,24253.48
2025-03-01,Iota,PI,1533.13,2694.65
2025-03-01,Iota,RJ,3752.6,6595.63
2025-03-01,Iota,RN,692.87,1217.79
2025-03-01,Iota,RS,2721.34,4783.06
2025-03-01,Iota,RO,4303.57,7564.01
2025-03-01,Iota,RR,1069.98,1880.61
2025-03-01,Iota,SC,1921.82,3377.82
2025-03-01,Iota,SP,10007.21,17588.81
2025-03-01,Iota,SE,11.7,20.56
2025-03-01,Iota,TO,6747.13,11858.85
2025-04-01,Alfa,AC,398748.09,372881.14
2025-04-01,Alfa,AL,203633.86,190424.06
2025-04-01,Alfa,AP,793659.76,742174.77
2025-04-01,Alfa,AM,403607.53,377425.36
2025-04-01,Alfa,BA,327815.12,306549.63
2025-04-01,Alfa,CE,256334.98,239706.43
2025-04-01,Alfa,DF,424393.29,396862.74
2025-04-01,Alfa,ES,732.88,685.34
2025-04-01,Alfa,GO,147941.99,138344.94
2025-04-01,Alfa,MA,292714.31,273725.83
2025-04-01,Alfa,MT,322908.39,301961.21
2025-04-01,Alfa,MS,234378.81,219174.57
2025-04-01,Alfa,MG,827042.43,773391.89
2025-04-01,Alfa,PA,434632.4,406437.64
2025-04-01,Alfa,PB,352575.96,329704.23
2025-04-01,Alfa,PR,1254979.15,1173568.19
2025-04-01,Alfa,PE,759128.63,709883.68
2025-04-01,Alfa,PI,896861.3,838681.58
2025-04-01,Alfa,RJ,701796.21,656270.44
2025-04-01,Alfa,RN,464113.24,434006.05
2025-04-01,Alfa,RS,574301.91,537046.74
2025-04-01,Alfa,RO,170577.59,159512.16
2025-04-01,Alfa,RR,69488.71,64980.96
2025-04-01,Alfa,SC,497027.25,464784.91
2025-04-01,Alfa,SP,38952.25,36425.4
2025-04-01,Alfa,SE,388650.04,363438.17
2025-04-01,Alfa,TO,21211.82,19835.8
2025-04-01,Beta,AC,74334.18,67140.68999999999
2025-04-01,Beta,AL,260097.63,234927.28
2025-04-01,Beta,AP,144804.38,130791.26
2025-04-01,Beta,AM,301256.77,272103.33
2025-04-01,Beta,BA,230229.57,207949.63
2025-04-01,Beta,CE,55622.98,50240.19
2025-04-01,Beta,DF,51253.51,46293.57
2025-04-01,Beta,ES,26939.34,24332.35
2025-04-01,Beta,GO,334394.75,302034.46
2025-04-01,Beta,MA,38836.09,35077.82
2025-04-01,Beta,MT,186206.28,168186.59
2025-04-01,Beta,MS,174047.11,157204.09
2025-04-01,Beta,MG,200013.2,180657.38
2025-04-01,Beta,PA,371361.92,335424.21
2025-04-01,Beta,PB,122121.52,110303.48
2025-04-01,Beta,PR,219388.49,198157.67
2025-04-01,Beta,PE,2141808.9,1934540.22
2025-04-01,Beta,PI,834033.94,753322.21
2025-04-01,Beta,RJ,1161328.05,1048943.17
2025-04-01,Beta,RN,249746.64,225577.98
2025-04-01,Beta,RS,129100.32,116606.93
2025-04-01,Beta,RO,324984.39,293534.77
2025-04-01,Beta,RR,208772.13,188568.68
2025-04-01,Beta,SC,906415.07,818698.81
2025-04-01,Beta,SP,996913.92,900439.85
2025-04-01,Beta,SE,438345.92,395925.99
2025-04-01,Beta,TO,307910.16,278112.85
2025-04-01,Gamma,AC,154287.75,181172.75
2025-04-01,Gamma,AL,32495.14,38157.5
2025-04-01,Gamma,AP,456221.01,535718.68
2025-04-01,Gamma,AM,69563.66,81685.31
2025-04-01,Gamma,BA,65546.31,76967.91
2025-04-01,Gamma,CE,650294.8,763610.32
2025-04-01,Gamma,DF,495131.72,581409.67
2025-04-01,Gamma,ES,258320.82,303333.87
2025-04-01,Gamma,GO,41282.38,48475.94
2025-04-01,Gamma,MA,195917.07,230056.11
2025-04-01,Gamma,MT,195293.25,229323.6
2025-04-01,Gamma,MS,34866.3,40941.84
2025-04-01,Gamma,MG,26722.68,31379.18
2025-04-01,Gamma,PA,37280.76,43777.02
2025-04-01,Gamma,PB,158386.35,185985.57
2025-04-01,Gamma,PR,27568.46,32372.33
2025-04-01,Gamma,PE,41414.28,48630.82
2025-04-01,Gamma,PI,95509.18,112151.9
2025-04-01,Gamma,RJ,127407.19,149608.22
2025-04-01,Gamma,RN,224032.94,263071.25
2025-04-01,Gamma,RS,40309.05,47333.0
2025-04-01,Gamma,RO,545601.55,640674.0
2025-04-01,Gamma,RR,64971.62,76293.09
2025-04-01,Gamma,SC,249782.61,293307.87
2025-04-01,Gamma,SP,6414.68,7532.46
2025-04-01,Gamma,SE,121301.57,142438.68
2025-04-01,Gamma,TO,66879.16,78533.03
2025-04-01,Delta,AC,387469.99,450413.05
2025-04-01,Delta,AL,187364.91,217801.64
2025-04-01,Delta,AP,950791.94,1105244.55
2025-04-01,Delta,AM,20561.8,23901.99
2025-04-01,Delta,BA,162661.15,189084.85
2025-04-01,Delta,CE,84081.23,97739.92
2025-04-01,Delta,DF,147448.86,171401.37
2025-04-01,Delta,ES,42334.29,49211.34
2025-04-01,Delta,GO,260669.8,303014.64
2025-04-01,Delta,MA,244417.8,284122.56
2025-04-01,Delta,MT,76941.54,89440.4
2025-04-01,Delta,MS,36707.3,42670.26
2025-04-01,Delta,MG,130507.81,151708.31
2025-04-01,Delta,PA,156327.95,181722.84
2025-04-01,Delta,PB,159513.83,185426.25
2025-04-01,Delta,PR,149707.66,174027.11
2025-04-01,Delta,PE,32601.22,37897.16
2025-04-01,Delta,PI,155383.06,180624.45
2025-04-01,Delta,RJ,104558.07,121543.14
2025-04-01,Delta,RN,377496.24,438819.09
2025-04-01,Delta,RS,198.96,231.29
2025-04-01,Delta,RO,21432.04,24913.6
2025-04-01,Delta,RR,100956.77,117356.82
2025-04-01,Delta,SC,152490.09,177261.53
2025-04-01,Delta,SP,125725.75,146149.43
2025-04-01,Delta,SE,210963.09,245233.26
2025-04-01,Delta,TO,49018.24,56981.07
2025-04-01,Epsilon,AC,117111.59,131253.69
2025-04-01,Epsilon,AL,238065.38,266813.56
2025-04-01,Epsilon,AP,504250.92,565143.01
2025-04-01,Epsilon,AM,220429.31,247047.8
2025-04-01,Epsilon,BA,9893.74,11088.48
2025-04-01,Epsilon,CE,111005.36,124410.1
2025-04-01,Epsilon,DF,161360.75,180846.27
2025-04-01,Epsilon,ES,23765.87,26635.77
2025-04-01,Epsilon,GO,42780.06,47946.08
2025-04-01,Epsilon,MA,166838.55,186985.56
2025-04-01,Epsilon,MT,117568.6,131765.9
2025-04-01,Epsilon,MS,364562.31,408585.96
2025-04-01,Epsilon,MG,308253.42,345477.34
2025-04-01,Epsilon,PA,442897.51,496380.71
2025-04-01,Epsilon,PB,31631.22,35450.92
2025-04-01,Epsilon,PR,319148.25,357687.8
2025-04-01,Epsilon,PE,27132.58,30409.04
2025-04-01,Epsilon,PI,25385.65,28451.16
2025-04-01,Epsilon,RJ,69209.3,77566.85
2025-04-01,Epsilon,RN,35925.77,40264.08
2025-04-01,Epsilon,RS,263436.01,295247.89
2025-04-01,Epsilon,RO,20157.13,22591.26
2025-04-01,Epsilon,RR,320124.45,358781.89
2025-04-01,Epsilon,SC,70115.11,78582.03
2025-04-01,Epsilon,SP,324878.86,364110.43
2025-04-01,Epsilon,SE,145298.53,162844.43
2025-04-01,Epsilon,TO,215545.2,241573.91
2025-04-01,Omega,AC,348954.43,433736.25
2025-04-01,Omega,AL,106700.9,132624.89
2025-04-01,Omega,AP,39551.72,49161.18
2025-04-01,Omega,AM,99734.4,123965.81
2025-04-01,Omega,BA,124775.72,155091.15
2025-04-01,Omega,CE,71977.45,89465.05
2025-04-01,Omega,DF,178692.75,222107.83
2025-04-01,Omega,ES,407094.07,506001.41
2025-04-01,Omega,GO,140880.03,175108.16
2025-04-01,Omega,MA,41079.83,51060.56
2025-04-01,Omega,MT,131302.33,163203.47
2025-04-01,Omega,MS,89484.91,111226.11
2025-04-01,Omega,MG,24874.74,30918.29
2025-04-01,Omega,PA,57950.06,72029.57
2025-04-01,Omega,PB,113660.88,141275.86
2025-04-01,Omega,PR,212519.26,264152.81
2025-04-01,Omega,PE,482262.54,599432.77
2025-04-01,Omega,PI,10132.47,12594.25
2025-04-01,Omega,RJ,47649.39,59226.26
2025-04-01,Omega,RN,67470.69,83863.34
2025-04-01,Omega,RS,403675.82,501752.66
2025-04-01,Omega,RO,175008.47,217528.42
2025-04-01,Omega,RR,84369.83,104868.27
2025-04-01,Omega,SC,117937.05,146590.96
2025-04-01,Omega,SP,181891.03,226083.17
2025-04-01,Omega,SE,64577.43,80267.12
2025-04-01,Omega,TO,410798.85,510606.3
2025-04-01,Capa,AC,2529.2099999999996,6205.4400000000005
2025-04-01,Capa,AL,8490.71,20831.89
2025-04-01,Capa,AP,65.28,160.16
2025-04-01,Capa,AM,12672.17,31091.07
2025-04-01,Capa,BA,14968.73,36725.68
2025-04-01,Capa,CE,593.88,1457.08
2025-04-01,Capa,DF,1150.42,2822.55
2025-04-01,Capa,ES,1898.6,4658.21
2025-04-01,Capa,GO,400.2,981.88
2025-04-01,Capa,MA,3242.38,7955.16
2025-04-01,Capa,MT,824.14,2022.02
2025-04-01,Capa,MS,3413.59,8375.22
2025-04-01,Capa,MG,2622.0,6433.05
2025-04-01,Capa,PA,2247.29,5513.7
2025-04-01,Capa,PB,591.29,1450.73
2025-04-01,Capa,PR,1542.55,3784.63
2025-04-01,Capa,PE,5245.71,12870.32
2025-04-01,Capa,PI,6534.44,16032.21
2025-04-01,Capa,RJ,427.13,1047.96
2025-04-01,Capa,RN,277.43,680.67
2025-04-01,Capa,RS,1789.91,4391.53
2025-04-01,Capa,RO,381.01,934.8
2025-04-01,Capa,RR,6404.3,15712.9
2025-04-01,Capa,SC,6759.66,16584.77
2025-04-01,Capa,SP,4582.32,11242.69
2025-04-01,Capa,SE,1599.5,3924.36
2025-04-01,Capa,TO,385.66,946.23
2025-04-01,Iota,AC,3082.16,6793.21
2025-04-01,Iota,AL,2817.92,6210.74
2025-04-01,Iota,AP,1007.12,2219.72
2025-04-01,Iota,AM,2834.51,6247.3
2025-04-01,Iota,BA,2282.62,5030.93
2025-04-01,Iota,CE,235.76,519.62
2025-04-01,Iota,DF,767.09,1690.67
2025-04-01,Iota,ES,3186.33,7022.72
2025-04-01,Iota,GO,1792.08,3949.78
2025-04-01,Iota,MA,4779.38,10533.84
2025-04-01,Iota,MT,1301.97,2869.57
2025-04-01,Iota,MS,6640.3,14635.34
2025-04-01,Iota,MG,4427.87,9759.1
2025-04-01,Iota,PA,5086.48,11210.69
2025-04-01,Iota,PB,2607.13,5746.17
2025-04-01,Iota,PR,267.27,589.07
2025-04-01,Iota,PE,918.03,2023.35
2025-04-01,Iota,PI,8611.15,18979.13
2025-04-01,Iota,RJ,798.81,1760.59
2025-04-01,Iota,RN,2376.16,5237.11
2025-04-01,Iota,RS,5949.37,13112.51
2025-04-01,Iota,RO,5431.33,11970.75
2025-04-01,Iota,RR,4195.83,9247.68
2025-04-01,Iota,SC,4481.86,9878.11
2025-04-01,Iota,SP,3585.74,7903.04
2025-04-01,Iota,SE,3969.21,8748.22
2025-04-01,Iota,TO,1576.73,3475.13
2025-05-01,Alfa,AC,1099947.83,945347.62
2025-05-01,Alfa,AL,312589.99,268654.75
2025-05-01,Alfa,AP,761007.51,654046.16
2025-05-01,Alfa,AM,362691.51,311714.39
2025-05-01,Alfa,BA,59592.49,51216.63
2025-05-01,Alfa,CE,1571259.25,1350415.16
2025-05-01,Alfa,DF,235389.0,202304.54
2025-05-01,Alfa,ES,163651.9,140650.25
2025-05-01,Alfa,GO,42495.02,36522.25
2025-05-01,Alfa,MA,306294.76,263244.33
2025-05-01,Alfa,MT,281091.64,241583.57
2025-05-01,Alfa,MS,1173074.73,1008196.38
2025-05-01,Alfa,MG,688488.84,591720.16
2025-05-01,Alfa,PA,94860.93,81528.01
2025-05-01,Alfa,PB,259524.85,223048.04
2025-05-01,Alfa,PR,454755.95,390838.96
2025-05-01,Alfa,PE,1326375.15,1139950.08
2025-05-01,Alfa,PI,26037.37,22377.76
2025-05-01,Alfa,RJ,218590.3,187866.93
2025-05-01,Alfa,RN,116223.89,99888.35
2025-05-01,Alfa,RS,400248.31,343992.49
2025-05-01,Alfa,RO,374925.75,322229.07
2025-05-01,Alfa,RR,663475.5,570222.5
2025-05-01,Alfa,SC,349588.51,300453.05
2025-05-01,Alfa,SP,452650.45,389029.39
2025-05-01,Alfa,SE,403006.46,346362.98
2025-05-01,Alfa,TO,72142.08,62002.34
2025-05-01,Beta,AC,104637.37,87991.39
2025-05-01,Beta,AL,1774581.68,1492276.93
2025-05-01,Beta,AP,36866.57,31001.75
2025-05-01,Beta,AM,55120.02,46351.39
2025-05-01,Beta,BA,5889.61,4952.68
2025-05-01,Beta,CE,226381.7,190368.35
2025-05-01,Beta,DF,462483.6,388910.59
2025-05-01,Beta,ES,422236.84,355066.38
2025-05-01,Beta,GO,257157.7,216248.43
2025-05-01,Beta,MA,265317.53,223110.18
2025-05-01,Beta,MT,197710.08,166257.88
2025-05-01,Beta,MS,241222.73,202848.44
2025-05-01,Beta,MG,375193.8,315507.06
2025-05-01,Beta,PA,1517803.31,1276347.48
2025-05-01,Beta,PB,758003.6,637418.55
2025-05-01,Beta,PR,568087.69,477714.92
2025-05-01,Beta,PE,773446.94,650405.13
2025-05-01,Beta,PI,45436.48,38208.33
2025-05-01,Beta,RJ,572643.31,481545.83
2025-05-01,Beta,RN,833716.83,701087.14
2025-05-01,Beta,RS,23448.61,19718.35
2025-05-01,Beta,RO,125120.07,105215.67
2025-05-01,Beta,RR,462180.75,388655.92
2025-05-01,Beta,SC,99283.43,83489.19
2025-05-01,Beta,SP,110398.49,92836.03
2025-05-01,Beta,SE,492554.17,414197.46
2025-05-01,Beta,TO,479397.86,403134.09
2025-05-01,Gamma,AC,111697.68999999999,136352.62
2025-05-01,Gamma,AL,116426.27,142124.97
2025-05-01,Gamma,AP,34054.89,41571.81
2025-05-01,Gamma,AM,74482.45,90922.92
2025-05-01,Gamma,BA,7576.74,9249.15
2025-05-01,Gamma,CE,76563.84,93463.73
2025-05-01,Gamma,DF,135903.77,165901.73
2025-05-01,Gamma,ES,93390.3,114004.29
2025-05-01,Gamma,GO,350981.66,428453.63
2025-05-01,Gamma,MA,358295.22,437381.52
2025-05-01,Gamma,MT,191162.52,233357.71
2025-05-01,Gamma,MS,83972.28,102507.43
2025-05-01,Gamma,MG,9836.66,12007.9
2025-05-01,Gamma,PA,33387.04,40756.55
2025-05-01,Gamma,PB,341758.23,417194.32
2025-05-01,Gamma,PR,18252.91,22281.86
2025-05-01,Gamma,PE,9686.53,11824.63
2025-05-01,Gamma,PI,115096.6,140501.81
2025-05-01,Gamma,RJ,427441.61,521790.55
2025-05-01,Gamma,RN,261666.64,319424.17
2025-05-01,Gamma,RS,400455.53,488847.84
2025-05-01,Gamma,RO,100837.39,123095.17
2025-05-01,Gamma,RR,149885.12,182969.18
2025-05-01,Gamma,SC,123099.87,150271.63
2025-05-01,Gamma,SP,271235.59,331105.27
2025-05-01,Gamma,SE,123766.71,151085.67
2025-05-01,Gamma,TO,298391.28,364255.02
2025-05-01,Delta,AC,65008.2,75719.63
2025-05-01,Delta,AL,118079.42,137535.34
2025-05-01,Delta,AP,38665.53,45036.44
2025-05-01,Delta,AM,1156944.33,1347573.73
2025-05-01,Delta,BA,111577.99,129962.66
2025-05-01,Delta,CE,127551.63,148568.27
2025-05-01,Delta,DF,123822.98,144225.26
2025-05-01,Delta,ES,4195.85,4887.2
2025-05-01,Delta,GO,136862.81,159413.66
2025-05-01,Delta,MA,212755.59,247811.27
2025-05-01,Delta,MT,113342.0,132017.33
2025-05-01,Delta,MS,136166.25,158602.32
2025-05-01,Delta,MG,115020.75,133972.68
2025-05-01,Delta,PA,240069.79,279626.02
2025-05-01,Delta,PB,73925.42,86106.09
2025-05-01,Delta,PR,56110.75,65356.1
2025-05-01,Delta,PE,91406.91,106468.0
2025-05-01,Delta,PI,118729.31,138292.3
2025-05-01,Delta,RJ,95578.53,111326.98
2025-05-01,Delta,RN,100364.95,116902.05
2025-05-01,Delta,RS,136910.62,159469.34
2025-05-01,Delta,RO,4057.95,4726.58
2025-05-01,Delta,RR,595517.02,693640.2
2025-05-01,Delta,SC,95922.83,111728.01
2025-05-01,Delta,SP,123374.27,143702.61
2025-05-01,Delta,SE,243428.71,283538.39
2025-05-01,Delta,TO,91429.76,106494.62
2025-05-01,Epsilon,AC,713445.65,800527.55
2025-05-01,Epsilon,AL,173733.86,194939.51
2025-05-01,Epsilon,AP,356073.08,399534.73
2025-05-01,Epsilon,AM,244738.43,274610.78
2025-05-01,Epsilon,BA,122054.75,136952.54
2025-05-01,Epsilon,CE,140890.69,158087.56
2025-05-01,Epsilon,DF,41103.64,46120.68
2025-05-01,Epsilon,ES,170098.79,190860.75
2025-05-01,Epsilon,GO,128186.26,143832.45
2025-05-01,Epsilon,MA,105311.02,118165.1
2025-05-01,Epsilon,MT,42411.65,47588.35
2025-05-01,Epsilon,MS,132386.81,148545.71
2025-05-01,Epsilon,MG,468181.39,525326.78
2025-05-01,Epsilon,PA,41209.83,46239.83
2025-05-01,Epsilon,PB,152296.84,170885.92
2025-05-01,Epsilon,PR,61972.17,69536.39
2025-05-01,Epsilon,PE,79524.05,89230.62
2025-05-01,Epsilon,PI,6835.9,7670.27
2025-05-01,Epsilon,RJ,414016.31,464550.41
2025-05-01,Epsilon,RN,25252.69,28334.99
2025-05-01,Epsilon,RS,152080.29,170642.94
2025-05-01,Epsilon,RO,157597.84,176833.95
2025-05-01,Epsilon,RR,201509.75,226105.68
2025-05-01,Epsilon,SC,37108.03,41637.37
2025-05-01,Epsilon,SP,320347.35,359448.38
2025-05-01,Epsilon,SE,92486.45,103775.18
2025-05-01,Epsilon,TO,118281.43,132718.66
2025-05-01,Omega,AC,39289.97,47305.77
2025-05-01,Omega,AL,10643.15,12814.53
2025-05-01,Omega,AP,463.95,558.61
2025-05-01,Omega,AM,374453.34,450848.0
2025-05-01,Omega,BA,6253.89,7529.78
2025-05-01,Omega,CE,113087.57,136159.3
2025-05-01,Omega,DF,449603.22,541329.69
2025-05-01,Omega,ES,120764.91,145402.95
2025-05-01,Omega,GO,28624.45,34464.31
2025-05-01,Omega,MA,465949.67,561011.09
2025-05-01,Omega,MT,238352.76,286980.66
2025-05-01,Omega,MS,3588.58,4320.71
2025-05-01,Omega,MG,286232.35,344628.47
2025-05-01,Omega,PA,229476.37,276293.33
2025-05-01,Omega,PB,344392.01,414653.66
2025-05-01,Omega,PR,199253.45,239904.45
2025-05-01,Omega,PE,43263.41,52089.86
2025-05-01,Omega,PI,202977.58,244388.35
2025-05-01,Omega,RJ,236739.13,285037.82
2025-05-01,Omega,RN,306834.79,369434.15
2025-05-01,Omega,RS,95458.59,114933.71
2025-05-01,Omega,RO,108704.75,130882.32
2025-05-01,Omega,RR,142753.97,171878.13
2025-05-01,Omega,SC,129026.0,155349.43
2025-05-01,Omega,SP,109246.79,131534.94
2025-05-01,Omega,SE,62023.46,74677.27
2025-05-01,Omega,TO,31803.37,38291.79
2025-05-01,Capa,AC,6080.330000000001,14106.49
2025-05-01,Capa,AL,2866.84,6651.16
2025-05-01,Capa,AP,2652.05,6152.83
2025-05-01,Capa,AM,10830.65,25127.42
2025-05-01,Capa,BA,4688.96,10878.52
2025-05-01,Capa,CE,2484.21,5763.44
2025-05-01,Capa,DF,2084.54,4836.19
2025-05-01,Capa,ES,1858.05,4310.73
2025-05-01,Capa,GO,3362.75,7801.68
2025-05-01,Capa,MA,3361.6,7799.02
2025-05-01,Capa,MT,6267.34,14540.41
2025-05-01,Capa,MS,948.68,2200.96
2025-05-01,Capa,MG,6414.4,14881.6
2025-05-01,Capa,PA,4517.26,10480.17
2025-05-01,Capa,PB,1666.65,3866.69
2025-05-01,Capa,PR,1155.11,2679.89
2025-05-01,Capa,PE,4475.59,10383.5
2025-05-01,Capa,PI,2874.08,6667.96
2025-05-01,Capa,RJ,662.1,1536.09
2025-05-01,Capa,RN,2327.04,5398.8
2025-05-01,Capa,RS,4845.7,11242.16
2025-05-01,Capa,RO,4743.48,11005.01
2025-05-01,Capa,RR,3313.51,7687.44
2025-05-01,Capa,SC,4657.91,10806.48
2025-05-01,Capa,SP,3690.77,8562.69
2025-05-01,Capa,SE,3298.2,7651.93
2025-05-01,Capa,TO,1251.79,2904.19
2025-05-01,Iota,AC,3090.23,5268.99
2025-05-01,Iota,AL,6481.08,11050.61
2025-05-01,Iota,AP,5003.99,8532.09
2025-05-01,Iota,AM,161.19,274.84
2025-05-01,Iota,BA,2601.29,4435.35
2025-05-01,Iota,CE,1986.53,3387.15
2025-05-01,Iota,DF,1420.25,2421.6
2025-05-01,Iota,ES,3742.58,6381.32
2025-05-01,Iota,GO,1254.59,2139.14
2025-05-01,Iota,MA,734.54,1252.43
2025-05-01,Iota,MT,748.93,1276.98
2025-05-01,Iota,MS,865.73,1476.13
2025-05-01,Iota,MG,3594.31,6128.5
2025-05-01,Iota,PA,12025.77,20504.63
2025-05-01,Iota,PB,1706.13,2909.05
2025-05-01,Iota,PR,7474.96,12745.24
2025-05-01,Iota,PE,859.43,1465.38
2025-05-01,Iota,PI,1801.62,3071.86
2025-05-01,Iota,RJ,7424.32,12658.9
2025-05-01,Iota,RN,5179.58,8831.47
2025-05-01,Iota,RS,5300.77,9038.12
2025-05-01,Iota,RO,6450.56,10998.57
2025-05-01,Iota,RR,12275.2,20929.91
2025-05-01,Iota,SC,4734.16,8072.02
2025-05-01,Iota,SP,637.75,1087.41
2025-05-01,Iota,SE,6767.38,11538.77
2025-05-01,Iota,TO,6095.45,10393.09
2025-06-01,Alfa,AC,373899.47,350782.74
2025-06-01,Alfa,AL,35732.92,33523.69
2025-06-01,Alfa,AP,168970.19,158523.44
2025-06-01,Alfa,AM,279903.42,262598.11
2025-06-01,Alfa,BA,216624.37,203231.35
2025-06-01,Alfa,CE,761695.95,714603.33
2025-06-01,Alfa,DF,211530.95,198452.83
2025-06-01,Alfa,ES,2097819.43,1968119.62
2025-06-01,Alfa,GO,180705.23,169532.94
2025-06-01,Alfa,MA,339224.19,318251.31
2025-06-01,Alfa,MT,35356.11,33170.18
2025-06-01,Alfa,MS,399243.7,374560.05
2025-06-01,Alfa,MG,226419.15,212420.55
2025-06-01,Alfa,PA,1754657.97,1646174.46
2025-06-01,Alfa,PB,329783.57,309394.37
2025-06-01,Alfa,PR,35531.35,33334.59
2025-06-01,Alfa,PE,47371.17,44442.4
2025-06-01,Alfa,PI,40128.66,37647.66
2025-06-01,Alfa,RJ,183028.01,171712.12
2025-06-01,Alfa,RN,161757.12,151756.32
2025-06-01,Alfa,RS,1595792.58,1497131.09
2025-06-01,Alfa,RO,89343.35,83819.61
2025-06-01,Alfa,RR,496396.04,465705.85
2025-06-01,Alfa,SC,234158.65,219681.55
2025-06-01,Alfa,SP,517328.04,485343.71
2025-06-01,Alfa,SE,163485.95,153378.27
2025-06-01,Alfa,TO,28939.08,27149.89
2025-06-01,Beta,AC,174466.62,161092.75
2025-06-01,Beta,AL,903460.28,834204.87
2025-06-01,Beta,AP,502069.0,463582.54
2025-06-01,Beta,AM,97335.15,89873.85
2025-06-01,Beta,BA,245058.95,226273.78
2025-06-01,Beta,CE,152414.54,140731.09
2025-06-01,Beta,DF,9488.53,8761.18
2025-06-01,Beta,ES,64458.04,59516.97
2025-06-01,Beta,GO,520649.9,480739.11
2025-06-01,Beta,MA,372189.53,343659.07
2025-06-01,Beta,MT,199170.63,183903.06
2025-06-01,Beta,MS,444860.56,410759.45
2025-06-01,Beta,MG,722487.63,667104.81
2025-06-01,Beta,PA,694178.46,640965.7
2025-06-01,Beta,PB,57563.23,53150.68
2025-06-01,Beta,PR,1030570.41,951571.28
2025-06-01,Beta,PE,73049.66,67449.98
2025-06-01,Beta,PI,546977.0,505048.08
2025-06-01,Beta,RJ,44820.92,41385.14
2025-06-01,Beta,RN,94847.92,87577.29
2025-06-01,Beta,RS,560513.88,517547.28
2025-06-01,Beta,RO,134880.18,124540.84
2025-06-01,Beta,RR,129583.05,119649.77
2025-06-01,Beta,SC,1094358.85,1010469.97
2025-06-01,Beta,SP,70286.54,64898.67
2025-06-01,Beta,SE,382515.61,353193.6
2025-06-01,Beta,TO,741161.3,684347.04
2025-06-01,Gamma,AC,78393.03,93593.44
2025-06-01,Gamma,AL,3504.22,4183.69
2025-06-01,Gamma,AP,174459.84,208287.54
2025-06-01,Gamma,AM,172399.36,205827.54
2025-06-01,Gamma,BA,129935.27,155129.67
2025-06-01,Gamma,CE,125202.45,149479.16
2025-06-01,Gamma,DF,182502.47,217889.64
2025-06-01,Gamma,ES,23822.26,28441.38
2025-06-01,Gamma,GO,70109.3,83703.46
2025-06-01,Gamma,MA,330966.77,395141.11
2025-06-01,Gamma,MT,10943.07,13064.92
2025-06-01,Gamma,MS,463928.88,553884.53
2025-06-01,Gamma,MG,221604.37,264573.38
2025-06-01,Gamma,PA,65088.75,77709.44
2025-06-01,Gamma,PB,101165.48,120781.44
2025-06-01,Gamma,PR,186985.93,223242.44
2025-06-01,Gamma,PE,12541.67,14973.49
2025-06-01,Gamma,PI,113713.18,135762.12
2025-06-01,Gamma,RJ,147874.73,176547.59
2025-06-01,Gamma,RN,252469.33,301423.05
2025-06-01,Gamma,RS,277046.77,330766.04
2025-06-01,Gamma,RO,442500.76,528301.5
2025-06-01,Gamma,RR,115480.76,137872.44
2025-06-01,Gamma,SC,297311.86,354960.53
2025-06-01,Gamma,SP,45312.93,54099.09
2025-06-01,Gamma,SE,121085.28,144563.67
2025-06-01,Gamma,TO,157482.86,188018.73
2025-06-01,Delta,AC,144314.6,172014.06
2025-06-01,Delta,AL,381804.91,455087.82
2025-06-01,Delta,AP,172932.14,206124.41
2025-06-01,Delta,AM,110336.69,131514.5
2025-06-01,Delta,BA,360052.12,429159.84
2025-06-01,Delta,CE,391162.88,466241.94
2025-06-01,Delta,DF,135989.25,162090.77
2025-06-01,Delta,ES,107165.55,127734.7
2025-06-01,Delta,GO,273277.32,325729.66
2025-06-01,Delta,MA,441129.88,525799.51
2025-06-01,Delta,MT,90559.35,107941.14
2025-06-01,Delta,MS,97729.14,116487.09
2025-06-01,Delta,MG,288264.95,343593.98
2025-06-01,Delta,PA,113067.14,134769.04
2025-06-01,Delta,PB,117360.27,139886.17
2025-06-01,Delta,PR,174882.75,208449.41
2025-06-01,Delta,PE,23407.15,27899.87
2025-06-01,Delta,PI,142270.62,169577.78
2025-06-01,Delta,RJ,15718.23,18735.16
2025-06-01,Delta,RN,13701.55,16331.4
2025-06-01,Delta,RS,241382.35,287712.82
2025-06-01,Delta,RO,135103.05,161034.48
2025-06-01,Delta,RR,3142.8,3746.02
2025-06-01,Delta,SC,131528.89,156774.3
2025-06-01,Delta,SP,155829.11,185738.65
2025-06-01,Delta,SE,34499.36,41121.11
2025-06-01,Delta,TO,34335.17,40925.4
2025-06-01,Epsilon,AC,80053.84999999999,99524.79000000001
2025-06-01,Epsilon,AL,144099.59,179147.96
2025-06-01,Epsilon,AP,487834.4,606487.08
2025-06-01,Epsilon,AM,37426.66,46529.7
2025-06-01,Epsilon,BA,143692.98,178642.46
2025-06-01,Epsilon,CE,74558.38,92692.71
2025-06-01,Epsilon,DF,134152.74,166781.81
2025-06-01,Epsilon,ES,195194.92,242670.87
2025-06-01,Epsilon,GO,69264.51,86111.25
2025-06-01,Epsilon,MA,12887.37,16021.88
2025-06-01,Epsilon,MT,217845.76,270830.92
2025-06-01,Epsilon,MS,106176.37,132000.93
2025-06-01,Epsilon,MG,332946.08,413926.32
2025-06-01,Epsilon,PA,29884.3,37152.86
2025-06-01,Epsilon,PB,20285.21,25219.05
2025-06-01,Epsilon,PR,26239.73,32621.84
2025-06-01,Epsilon,PE,588241.8,731315.9
2025-06-01,Epsilon,PI,264565.51,328914.01
2025-06-01,Epsilon,RJ,43996.38,54697.33
2025-06-01,Epsilon,RN,52920.87,65792.45
2025-06-01,Epsilon,RS,142476.91,177130.62
2025-06-01,Epsilon,RO,81127.13,100859.14
2025-06-01,Epsilon,RR,48013.77,59691.84
2025-06-01,Epsilon,SC,56686.2,70473.6
2025-06-01,Epsilon,SP,299438.4,372268.79
2025-06-01,Epsilon,SE,161111.28,200297.29
2025-06-01,Epsilon,TO,301166.84,374417.63
2025-06-01,Omega,AC,132228.48,149586.81
2025-06-01,Omega,AL,122305.6,138361.26
2025-06-01,Omega,AP,19742.03,22333.66
2025-06-01,Omega,AM,89367.03,101098.67
2025-06-01,Omega,BA,44723.28,50594.33
2025-06-01,Omega,CE,307116.81,347433.54
2025-06-01,Omega,DF,40480.93,45795.06
2025-06-01,Omega,ES,50257.86,56855.45
2025-06-01,Omega,GO,315408.12,356813.3
2025-06-01,Omega,MA,482240.68,545546.79
2025-06-01,Omega,MT,123389.44,139587.38
2025-06-01,Omega,MS,102476.58,115929.18
2025-06-01,Omega,MG,41859.2,47354.26
2025-06-01,Omega,PA,181463.4,205284.99
2025-06-01,Omega,PB,85574.0,96807.72
2025-06-01,Omega,PR,94240.78,106612.23
2025-06-01,Omega,PE,82914.13,93798.67
2025-06-01,Omega,PI,79662.84,90120.57
2025-06-01,Omega,RJ,41054.46,46443.88
2025-06-01,Omega,RN,519925.73,588178.94
2025-06-01,Omega,RS,164820.49,186457.29
2025-06-01,Omega,RO,503763.97,569895.55
2025-06-01,Omega,RR,558479.19,631793.5
2025-06-01,Omega,SC,57621.81,65186.1
2025-06-01,Omega,SP,82196.27,92986.58
2025-06-01,Omega,SE,189276.14,214123.35
2025-06-01,Omega,TO,50599.53,57241.97
2025-06-01,Capa,AC,3056.44,7406.3099999999995
2025-06-01,Capa,AL,2127.43,5155.15
2025-06-01,Capa,AP,2564.56,6214.37
2025-06-01,Capa,AM,371.29,899.7
2025-06-01,Capa,BA,1730.19,4192.55
2025-06-01,Capa,CE,19313.62,46800.3
2025-06-01,Capa,DF,2552.14,6184.28
2025-06-01,Capa,ES,2257.07,5469.27
2025-06-01,Capa,GO,4291.59,10399.27
2025-06-01,Capa,MA,4085.23,9899.23
2025-06-01,Capa,MT,588.93,1427.08
2025-06-01,Capa,MS,5110.77,12384.28
2025-06-01,Capa,MG,573.42,1389.49
2025-06-01,Capa,PA,1090.05,2641.38
2025-06-01,Capa,PB,281.87,683.01
2025-06-01,Capa,PR,7312.69,17719.93
2025-06-01,Capa,PE,6003.44,14547.39
2025-06-01,Capa,PI,2071.94,5020.68
2025-06-01,Capa,RJ,5163.13,12511.17
2025-06-01,Capa,RN,10615.82,25724.01
2025-06-01,Capa,RS,896.54,2172.48
2025-06-01,Capa,RO,2266.05,5491.02
2025-06-01,Capa,RR,525.78,1274.05
2025-06-01,Capa,SC,74.95,181.61
2025-06-01,Capa,SP,821.6,1990.89
2025-06-01,Capa,SE,4776.12,11573.38
2025-06-01,Capa,TO,3780.12,9159.9
2025-06-01,Iota,AC,2922.5499999999997,5529.2
2025-06-01,Iota,AL,6209.24,11747.3
2025-06-01,Iota,AP,2759.01,5219.79
2025-06-01,Iota,AM,4578.14,8661.42
2025-06-01,Iota,BA,2103.93,3980.45
2025-06-01,Iota,CE,148.64,281.21
2025-06-01,Iota,DF,1755.5,3321.24
2025-06-01,Iota,ES,6453.0,12208.46
2025-06-01,Iota,GO,3017.96,5709.69
2025-06-01,Iota,MA,15015.14,28407.23
2025-06-01,Iota,MT,3280.47,6206.35
2025-06-01,Iota,MS,5400.1,10216.49
2025-06-01,Iota,MG,5954.45,11265.26
2025-06-01,Iota,PA,2536.68,4799.17
2025-06-01,Iota,PB,2130.9,4031.46
2025-06-01,Iota,PR,3295.02,6233.87
2025-06-01,Iota,PE,5796.41,10966.26
2025-06-01,Iota,PI,4586.45,8677.14
2025-06-01,Iota,RJ,4335.04,8201.49
2025-06-01,Iota,RN,576.89,1091.42
2025-06-01,Iota,RS,1715.38,3245.34
2025-06-01,Iota,RO,4000.43,7568.44
2025-06-01,Iota,RR,2152.08,4071.53
2025-06-01,Iota,SC,8337.18,15773.16
2025-06-01,Iota,SP,196.08,370.97
2025-06-01,Iota,SE,1226.0,2319.48
2025-06-01,Iota,TO,170.73,323.0
2025-07-01,Alfa,AC,2028524.1,1909889.81
2025-07-01,Alfa,AL,495162.67,466204.05
2025-07-01,Alfa,AP,432544.86,407248.32
2025-07-01,Alfa,AM,446245.15,420147.38
2025-07-01,Alfa,BA,193927.41,182585.95
2025-07-01,Alfa,CE,97801.99,92082.23
2025-07-01,Alfa,DF,538029.8,506564.18
2025-07-01,Alfa,ES,72937.72,68672.1
2025-07-01,Alfa,GO,26426.6,24881.09
2025-07-01,Alfa,MA,215781.32,203161.78
2025-07-01,Alfa,MT,460027.09,433123.31
2025-07-01,Alfa,MS,48603.15,45760.69
2025-07-01,Alfa,MG,911044.23,857763.59
2025-07-01,Alfa,PA,409858.57,385888.79
2025-07-01,Alfa,PB,1325985.4,1248437.74
2025-07-01,Alfa,PR,21980.94,20695.42
2025-07-01,Alfa,PE,7732.6,7280.38
2025-07-01,Alfa,PI,150239.48,141453.02
2025-07-01,Alfa,RJ,16540.17,15572.85
2025-07-01,Alfa,RN,797853.16,751192.28
2025-07-01,Alfa,RS,651311.34,613220.67
2025-07-01,Alfa,RO,263616.28,248199.19
2025-07-01,Alfa,RR,98782.26,93005.18
2025-07-01,Alfa,SC,398524.93,375217.98
2025-07-01,Alfa,SP,404297.83,380653.26
2025-07-01,Alfa,SE,792223.9,745892.24
2025-07-01,Alfa,TO,103706.75,97641.66
2025-07-01,Beta,AC,560650.76,468620.97
2025-07-01,Beta,AL,273161.28,228322.38
2025-07-01,Beta,AP,25237.97,21095.21
2025-07-01,Beta,AM,59606.8,49822.46
2025-07-01,Beta,BA,53704.09,44888.67
2025-07-01,Beta,CE,377883.37,315854.54
2025-07-01,Beta,DF,923361.95,771793.84
2025-07-01,Beta,ES,520283.71,434880.13
2025-07-01,Beta,GO,129970.97,108636.48
2025-07-01,Beta,MA,455922.88,381084.01
2025-07-01,Beta,MT,549453.2,459261.5
2025-07-01,Beta,MS,1938873.58,1620611.17
2025-07-01,Beta,MG,25263.74,21116.75
2025-07-01,Beta,PA,397431.68,332194.03
2025-07-01,Beta,PB,1064217.87,889528.53
2025-07-01,Beta,PR,26782.48,22386.19
2025-07-01,Beta,PE,140766.82,117660.22
2025-07-01,Beta,PI,461758.52,385961.73
2025-07-01,Beta,RJ,242814.3,202956.8
2025-07-01,Beta,RN,339301.69,283605.97
2025-07-01,Beta,RS,328675.4,274723.96
2025-07-01,Beta,RO,545888.92,456282.29
2025-07-01,Beta,RR,207221.14,173206.19
2025-07-01,Beta,SC,585690.57,489550.57
2025-07-01,Beta,SP,724863.58,605878.6
2025-07-01,Beta,SE,434604.17,363264.72
2025-07-01,Beta,TO,173480.15,145003.71
2025-07-01,Gamma,AC,4353.01,4689.87
2025-07-01,Gamma,AL,89023.1,95912.14
2025-07-01,Gamma,AP,180618.22,194595.33
2025-07-01,Gamma,AM,61867.49,66655.09
2025-07-01,Gamma,BA,52035.3,56062.04
2025-07-01,Gamma,CE,16729.13,18023.71
2025-07-01,Gamma,DF,75982.21,81862.08
2025-07-01,Gamma,ES,348563.54,375537.07
2025-07-01,Gamma,GO,4202.42,4527.63
2025-07-01,Gamma,MA,7735.82,8334.45
2025-07-01,Gamma,MT,299091.45,322236.59
2025-07-01,Gamma,MS,662645.86,713924.59
2025-07-01,Gamma,MG,124255.38,133870.86
2025-07-01,Gamma,PA,647030.69,697101.05
2025-07-01,Gamma,PB,102349.02,110269.28
2025-07-01,Gamma,PR,105841.64,114032.17
2025-07-01,Gamma,PE,168490.96,181529.61
2025-07-01,Gamma,PI,489580.71,527466.83
2025-07-01,Gamma,RJ,44330.47,47760.98
2025-07-01,Gamma,RN,99776.69,107497.89
2025-07-01,Gamma,RS,352381.84,379650.84
2025-07-01,Gamma,RO,329756.45,355274.59
2025-07-01,Gamma,RR,292809.07,315468.05
2025-07-01,Gamma,SC,156418.85,168523.3
2025-07-01,Gamma,SP,156820.23,168955.74
2025-07-01,Gamma,SE,102880.11,110841.46
2025-07-01,Gamma,TO,9851.93,10614.32
2025-07-01,Delta,AC,262091.38999999998,304505.21
2025-07-01,Delta,AL,88441.96,102754.39
2025-07-01,Delta,AP,63870.05,74206.04
2025-07-01,Delta,AM,4121.1,4788.01
2025-07-01,Delta,BA,311527.98,361942.08
2025-07-01,Delta,CE,146664.89,170399.45
2025-07-01,Delta,DF,91464.41,106265.96
2025-07-01,Delta,ES,208072.59,241744.66
2025-07-01,Delta,GO,33386.4,38789.27
2025-07-01,Delta,MA,396076.19,460172.59
2025-07-01,Delta,MT,158203.11,183804.88
2025-07-01,Delta,MS,379389.32,440785.31
2025-07-01,Delta,MG,4625.21,5373.7
2025-07-01,Delta,PA,35378.13,41103.32
2025-07-01,Delta,PB,21221.89,24656.2
2025-07-01,Delta,PR,49360.89,57348.89
2025-07-01,Delta,PE,232924.38,270618.17
2025-07-01,Delta,PI,23413.42,27202.38
2025-07-01,Delta,RJ,582785.5,677096.78
2025-07-01,Delta,RN,183017.94,212635.45
2025-07-01,Delta,RS,291343.9,338491.63
2025-07-01,Delta,RO,592177.77,688008.99
2025-07-01,Delta,RR,81730.65,94956.99
2025-07-01,Delta,SC,230163.12,267410.06
2025-07-01,Delta,SP,14936.92,17354.14
2025-07-01,Delta,SE,10512.02,12213.16
2025-07-01,Delta,TO,126171.68,146589.85
2025-07-01,Epsilon,AC,281622.01,330682.52
2025-07-01,Epsilon,AL,451356.49,529985.9
2025-07-01,Epsilon,AP,381421.45,447867.7
2025-07-01,Epsilon,AM,199510.58,234266.7
2025-07-01,Epsilon,BA,146202.64,171672.15
2025-07-01,Epsilon,CE,110943.63,130270.78
2025-07-01,Epsilon,DF,1386.61,1628.17
2025-07-01,Epsilon,ES,260980.31,306444.88
2025-07-01,Epsilon,GO,439103.2,515598.0
2025-07-01,Epsilon,MA,336693.82,395348.21
2025-07-01,Epsilon,MT,96336.88,113119.43
2025-07-01,Epsilon,MS,144066.26,169163.6
2025-07-01,Epsilon,MG,107051.31,125700.39
2025-07-01,Epsilon,PA,135022.49,158544.33
2025-07-01,Epsilon,PB,180632.32,212099.71
2025-07-01,Epsilon,PR,21874.26,25684.9
2025-07-01,Epsilon,PE,63477.06,74535.2
2025-07-01,Epsilon,PI,26639.88,31280.74
2025-07-01,Epsilon,RJ,2207.52,2592.08
2025-07-01,Epsilon,RN,83675.98,98252.91
2025-07-01,Epsilon,RS,124869.52,146622.66
2025-07-01,Epsilon,RO,114420.23,134353.02
2025-07-01,Epsilon,RR,8246.13,9682.66
2025-07-01,Epsilon,SC,390016.54,457960.11
2025-07-01,Epsilon,SP,37652.93,44212.33
2025-07-01,Epsilon,SE,208580.31,244916.44
2025-07-01,Epsilon,TO,220346.21,258732.04
2025-07-01,Omega,AC,6269.320000000001,7734.639999999999
2025-07-01,Omega,AL,4830.24,5959.24
2025-07-01,Omega,AP,61404.46,75756.85
2025-07-01,Omega,AM,162006.95,199873.69
2025-07-01,Omega,BA,26971.16,33275.27
2025-07-01,Omega,CE,13592.76,16769.87
2025-07-01,Omega,DF,167143.79,206211.18
2025-07-01,Omega,ES,29148.34,35961.34
2025-07-01,Omega,GO,310317.58,382849.74
2025-07-01,Omega,MA,126191.5,155686.9
2025-07-01,Omega,MT,165228.91,203848.73
2025-07-01,Omega,MS,389799.94,480909.92
2025-07-01,Omega,MG,33102.93,40840.25
2025-07-01,Omega,PA,152836.87,188560.23
2025-07-01,Omega,PB,78888.46,97327.48
2025-07-01,Omega,PR,26407.95,32580.42
2025-07-01,Omega,PE,168530.55,207922.08
2025-07-01,Omega,PI,6574.25,8110.88
2025-07-01,Omega,RJ,349891.4,431673.36
2025-07-01,Omega,RN,214395.69,264507.52
2025-07-01,Omega,RS,737590.97,909991.98
2025-07-01,Omega,RO,115259.46,142199.66
2025-07-01,Omega,RR,471056.93,581159.55
2025-07-01,Omega,SC,37796.48,46630.86
2025-07-01,Omega,SP,141028.92,173992.36
2025-07-01,Omega,SE,140362.22,173169.82
2025-07-01,Omega,TO,216994.48,267713.74
2025-07-01,Capa,AC,7532.6900000000005,16818.5
2025-07-01,Capa,AL,367.24,819.95
2025-07-01,Capa,AP,3976.97,8879.54
2025-07-01,Capa,AM,1830.35,4086.69
2025-07-01,Capa,BA,647.34,1445.35
2025-07-01,Capa,CE,3106.54,6936.09
2025-07-01,Capa,DF,2429.29,5423.95
2025-07-01,Capa,ES,164.15,366.51
2025-07-01,Capa,GO,3769.17,8415.57
2025-07-01,Capa,MA,468.83,1046.77
2025-07-01,Capa,MT,6622.9,14787.2
2025-07-01,Capa,MS,1430.32,3193.52
2025-07-01,Capa,MG,4267.89,9529.08
2025-07-01,Capa,PA,901.7,2013.25
2025-07-01,Capa,PB,10930.09,24404.01
2025-07-01,Capa,PR,261.27,583.35
2025-07-01,Capa,PE,10432.79,23293.67
2025-07-01,Capa,PI,942.06,2103.37
2025-07-01,Capa,RJ,748.47,1671.13
2025-07-01,Capa,RN,4371.4,9760.18
2025-07-01,Capa,RS,3760.37,8395.92
2025-07-01,Capa,RO,15042.1,33585.05
2025-07-01,Capa,RR,3205.15,7156.25
2025-07-01,Capa,SC,1109.26,2476.7
2025-07-01,Capa,SP,4210.03,9399.89
2025-07-01,Capa,SE,3802.13,8489.15
2025-07-01,Capa,TO,3798.97,8482.09
2025-07-01,Iota,AC,1522.1399999999999,2698.5800000000004
2025-07-01,Iota,AL,2826.51,5011.14
2025-07-01,Iota,AP,8916.91,15808.88
2025-07-01,Iota,AM,5438.87,9642.62
2025-07-01,Iota,BA,1179.16,2090.54
2025-07-01,Iota,CE,7195.47,12756.93
2025-07-01,Iota,DF,938.59,1664.04
2025-07-01,Iota,ES,5581.18,9894.94
2025-07-01,Iota,GO,9959.48,17657.27
2025-07-01,Iota,MA,7364.95,13057.4
2025-07-01,Iota,MT,70.87,125.64
2025-07-01,Iota,MS,3653.36,6477.09
2025-07-01,Iota,MG,857.03,1519.43
2025-07-01,Iota,PA,1999.22,3544.44
2025-07-01,Iota,PB,7082.89,12557.33
2025-07-01,Iota,PR,982.04,1741.07
2025-07-01,Iota,PE,13585.8,24086.41
2025-07-01,Iota,PI,138.56,245.66
2025-07-01,Iota,RJ,970.73,1721.02
2025-07-01,Iota,RN,263.6,467.34
2025-07-01,Iota,RS,3499.0,6203.41
2025-07-01,Iota,RO,1464.64,2596.67
2025-07-01,Iota,RR,3606.15,6393.38
2025-07-01,Iota,SC,10703.24,18975.89
2025-07-01,Iota,SP,5011.96,8885.75
2025-07-01,Iota,SE,242.92,430.68
2025-07-01,Iota,TO,27.48,48.72
2025-08-01,Alfa,AC,372820.9,340244.70999999996
2025-08-01,Alfa,AL,1218686.62,1112200.82
2025-08-01,Alfa,AP,412739.93,376675.74
2025-08-01,Alfa,AM,661571.7,603765.21
2025-08-01,Alfa,BA,244515.35,223150.21
2025-08-01,Alfa,CE,252205.2,230168.14
2025-08-01,Alfa,DF,17735.5,16185.82
2025-08-01,Alfa,ES,81147.86,74057.36
2025-08-01,Alfa,GO,23201.23,21173.97
2025-08-01,Alfa,MA,191797.68,175038.88
2025-08-01,Alfa,MT,561433.57,512376.9
2025-08-01,Alfa,MS,69501.75,63428.86
2025-08-01,Alfa,MG,910215.99,830683.58
2025-08-01,Alfa,PA,374464.62,341744.83
2025-08-01,Alfa,PB,458528.96,418463.84
2025-08-01,Alfa,PR,860619.71,785420.9
2025-08-01,Alfa,PE,343494.3,313480.63
2025-08-01,Alfa,PI,461921.19,421559.66
2025-08-01,Alfa,RJ,385831.57,352118.57
2025-08-01,Alfa,RN,34561.91,31541.98
2025-08-01,Alfa,RS,104163.12,95061.6
2025-08-01,Alfa,RO,799555.64,729692.46
2025-08-01,Alfa,RR,1744949.04,1592479.73
2025-08-01,Alfa,SC,89281.69,81480.48
2025-08-01,Alfa,SP,264984.71,241831.0
2025-08-01,Alfa,SE,152161.17,138865.71
2025-08-01,Alfa,TO,527035.34,480984.3
2025-08-01,Beta,AC,17969.0,15856.75
2025-08-01,Beta,AL,1509202.22,1331796.38
2025-08-01,Beta,AP,1130564.48,997667.29
2025-08-01,Beta,AM,554811.6,489593.82
2025-08-01,Beta,BA,340508.79,300482.18
2025-08-01,Beta,CE,148780.06,131291.05
2025-08-01,Beta,DF,221824.06,195748.77
2025-08-01,Beta,ES,175762.06,155101.34
2025-08-01,Beta,GO,224194.58,197840.64
2025-08-01,Beta,MA,32444.96,28631.07
2025-08-01,Beta,MT,822103.26,725465.5
2025-08-01,Beta,MS,376062.56,331856.63
2025-08-01,Beta,MG,252081.45,222449.42
2025-08-01,Beta,PA,529860.5,467575.7
2025-08-01,Beta,PB,536911.88,473798.2
2025-08-01,Beta,PR,12672.75,11183.08
2025-08-01,Beta,PE,75141.29,66308.48
2025-08-01,Beta,PI,288664.89,254732.5
2025-08-01,Beta,RJ,741020.8,653914.24
2025-08-01,Beta,RN,774582.68,683530.94
2025-08-01,Beta,RS,162456.42,143359.76
2025-08-01,Beta,RO,613618.57,541488.07
2025-08-01,Beta,RR,9273.38,8183.3
2025-08-01,Beta,SC,520684.2,459478.08
2025-08-01,Beta,SP,260513.09,229889.93
2025-08-01,Beta,SE,140078.21,123612.1
2025-08-01,Beta,TO,342968.88,302653.09
2025-08-01,Gamma,AC,527973.53,571230.21
2025-08-01,Gamma,AL,645689.15,698590.21
2025-08-01,Gamma,AP,105757.95,114422.66
2025-08-01,Gamma,AM,326972.13,353760.83
2025-08-01,Gamma,BA,95698.61,103539.16
2025-08-01,Gamma,CE,181376.38,196236.48
2025-08-01,Gamma,DF,45604.73,49341.11
2025-08-01,Gamma,ES,29046.39,31426.15
2025-08-01,Gamma,GO,145068.24,156953.62
2025-08-01,Gamma,MA,73611.48,79642.44
2025-08-01,Gamma,MT,65144.89,70482.19
2025-08-01,Gamma,MS,11957.86,12937.57
2025-08-01,Gamma,MG,25050.4,27102.77
2025-08-01,Gamma,PA,206646.02,223576.45
2025-08-01,Gamma,PB,205400.27,222228.63
2025-08-01,Gamma,PR,118274.32,127964.49
2025-08-01,Gamma,PE,161251.97,174463.28
2025-08-01,Gamma,PI,9553.62,10336.34
2025-08-01,Gamma,RJ,316545.23,342479.66
2025-08-01,Gamma,RN,160044.54,173156.92
2025-08-01,Gamma,RS,214138.78,231683.09
2025-08-01,Gamma,RO,33829.39,36601.02
2025-08-01,Gamma,RR,196688.85,212803.49
2025-08-01,Gamma,SC,200535.33,216965.11
2025-08-01,Gamma,SP,74170.27,80247.01
2025-08-01,Gamma,SE,649940.93,703190.34
2025-08-01,Gamma,TO,74475.01,80576.72
2025-08-01,Delta,AC,304893.13,343213.58
2025-08-01,Delta,AL,421740.98,474747.43
2025-08-01,Delta,AP,104935.65,118124.47
2025-08-01,Delta,AM,39008.58,43911.36
2025-08-01,Delta,BA,32469.76,36550.72
2025-08-01,Delta,CE,245522.16,276380.58
2025-08-01,Delta,DF,134839.72,151787.03
2025-08-01,Delta,ES,107723.84,121263.09
2025-08-01,Delta,GO,97574.43,109838.06
2025-08-01,Delta,MA,7034.66,7918.81
2025-08-01,Delta,MT,76207.63,85785.77
2025-08-01,Delta,MS,461656.93,519680.22
2025-08-01,Delta,MG,176517.52,198703.1
2025-08-01,Delta,PA,43224.47,48657.14
2025-08-01,Delta,PB,317645.61,357568.86
2025-08-01,Delta,PR,200489.69,225688.21
2025-08-01,Delta,PE,554449.24,624135.12
2025-08-01,Delta,PI,58965.02,66376.03
2025-08-01,Delta,RJ,44345.99,49919.61
2025-08-01,Delta,RN,398514.92,448602.21
2025-08-01,Delta,RS,94058.44,105880.16
2025-08-01,Delta,RO,74904.1,84318.41
2025-08-01,Delta,RR,212558.02,239273.35
2025-08-01,Delta,SC,79950.07,89998.58
2025-08-01,Delta,SP,42276.27,47589.76
2025-08-01,Delta,SE,229106.78,257902.04
2025-08-01,Delta,TO,149352.86,168124.25
2025-08-01,Epsilon,AC,208618.09999999998,254036.0
2025-08-01,Epsilon,AL,28008.77,34106.51
2025-08-01,Epsilon,AP,7754.65,9442.9
2025-08-01,Epsilon,AM,168659.97,205378.66
2025-08-01,Epsilon,BA,41997.36,51140.53
2025-08-01,Epsilon,CE,147944.8,180153.62
2025-08-01,Epsilon,DF,1090009.02,1327313.1
2025-08-01,Epsilon,ES,516107.39,628468.28
2025-08-01,Epsilon,GO,46277.0,56351.89
2025-08-01,Epsilon,MA,61166.92,74483.47
2025-08-01,Epsilon,MT,203384.14,247662.57
2025-08-01,Epsilon,MS,854.22,1040.2
2025-08-01,Epsilon,MG,149020.22,181463.17
2025-08-01,Epsilon,PA,52851.06,64357.18
2025-08-01,Epsilon,PB,170232.44,207293.47
2025-08-01,Epsilon,PR,195227.67,237730.37
2025-08-01,Epsilon,PE,186563.47,227179.89
2025-08-01,Epsilon,PI,8374.95,10198.25
2025-08-01,Epsilon,RJ,22950.99,27947.61
2025-08-01,Epsilon,RN,351236.38,427703.47
2025-08-01,Epsilon,RS,25781.87,31394.8
2025-08-01,Epsilon,RO,109405.79,133224.34
2025-08-01,Epsilon,RR,312758.35,380848.46
2025-08-01,Epsilon,SC,3781.06,4604.23
2025-08-01,Epsilon,SP,36805.57,44818.46
2025-08-01,Epsilon,SE,185488.35,225870.72
2025-08-01,Epsilon,TO,22768.84,27725.8
2025-08-01,Omega,AC,283009.83999999997,320486.1
2025-08-01,Omega,AL,140201.89,158767.47
2025-08-01,Omega,AP,310452.96,351563.25
2025-08-01,Omega,AM,57232.76,64811.55
2025-08-01,Omega,BA,201246.25,227895.35
2025-08-01,Omega,CE,298443.86,337963.9
2025-08-01,Omega,DF,50756.82,57478.06
2025-08-01,Omega,ES,297499.62,336894.62
2025-08-01,Omega,GO,15929.4,18038.78
2025-08-01,Omega,MA,135186.19,153087.59
2025-08-01,Omega,MT,26686.56,30220.41
2025-08-01,Omega,MS,192927.78,218475.35
2025-08-01,Omega,MG,122820.35,139084.26
2025-08-01,Omega,PA,177177.98,200639.95
2025-08-01,Omega,PB,267157.33,302534.4
2025-08-01,Omega,PR,108939.86,123365.71
2025-08-01,Omega,PE,41451.93,46941.01
2025-08-01,Omega,PI,306090.83,346623.48
2025-08-01,Omega,RJ,436644.95,494465.63
2025-08-01,Omega,RN,310717.15,351862.42
2025-08-01,Omega,RS,23081.67,26138.16
2025-08-01,Omega,RO,248649.03,281575.22
2025-08-01,Omega,RR,162570.31,184097.92
2025-08-01,Omega,SC,87638.35,99243.45
2025-08-01,Omega,SP,19903.28,22538.88
2025-08-01,Omega,SE,188549.43,213517.21
2025-08-01,Omega,TO,170985.82,193627.82
2025-08-01,Capa,AC,1696.7,4608.37
2025-08-01,Capa,AL,615.29,1671.15
2025-08-01,Capa,AP,9286.35,25222.2
2025-08-01,Capa,AM,2290.82,6221.98
2025-08-01,Capa,BA,3276.07,8897.98
2025-08-01,Capa,CE,2951.28,8015.83
2025-08-01,Capa,DF,5425.15,14734.98
2025-08-01,Capa,ES,3676.34,9985.14
2025-08-01,Capa,GO,1040.49,2826.04
2025-08-01,Capa,MA,2183.16,5929.57
2025-08-01,Capa,MT,1296.41,3521.11
2025-08-01,Capa,MS,2037.51,5533.97
2025-08-01,Capa,MG,3821.94,10380.59
2025-08-01,Capa,PA,2296.65,6237.81
2025-08-01,Capa,PB,3213.42,8727.82
2025-08-01,Capa,PR,643.28,1747.17
2025-08-01,Capa,PE,2401.25,6521.91
2025-08-01,Capa,PI,4022.23,10924.58
2025-08-01,Capa,RJ,3571.04,9699.14
2025-08-01,Capa,RN,1794.82,4874.81
2025-08-01,Capa,RS,810.96,2202.6
2025-08-01,Capa,RO,10183.37,27658.55
2025-08-01,Capa,RR,3242.98,8808.1
2025-08-01,Capa,SC,2372.62,6444.15
2025-08-01,Capa,SP,595.39,1617.11
2025-08-01,Capa,SE,4627.65,12568.94
2025-08-01,Capa,TO,3008.39,8170.95
2025-08-01,Iota,AC,59.120000000000005,118.35000000000001
2025-08-01,Iota,AL,3482.62,6970.27
2025-08-01,Iota,AP,940.78,1882.93
2025-08-01,Iota,AM,2413.13,4829.75
2025-08-01,Iota,BA,5493.13,10994.21
2025-08-01,Iota,CE,5375.1,10757.98
2025-08-01,Iota,DF,377.66,755.86
2025-08-01,Iota,ES,1932.97,3868.73
2025-08-01,Iota,GO,10356.21,20727.42
2025-08-01,Iota,MA,1414.84,2831.73
2025-08-01,Iota,MT,2134.84,4272.76
2025-08-01,Iota,MS,2480.61,4964.82
2025-08-01,Iota,MG,17.24,34.51
2025-08-01,Iota,PA,6045.24,12099.24
2025-08-01,Iota,PB,304.19,608.83
2025-08-01,Iota,PR,1465.98,2934.09
2025-08-01,Iota,PE,1122.27,2246.17
2025-08-01,Iota,PI,3987.5,7980.77
2025-08-01,Iota,RJ,2019.58,4042.08
2025-08-01,Iota,RN,5687.79,11383.82
2025-08-01,Iota,RS,6953.01,13916.09
2025-08-01,Iota,RO,729.99,1461.04
2025-08-01,Iota,RR,971.71,1944.83
2025-08-01,Iota,SC,4331.64,8669.55
2025-08-01,Iota,SP,7482.23,14975.3
2025-08-01,Iota,SE,14467.38,28955.72
2025-08-01,Iota,TO,1115.99,2233.6
2025-09-01,Alfa,AC,291365.51,271454.0
2025-09-01,Alfa,AL,920306.24,857413.84
2025-09-01,Alfa,AP,148268.15,138135.72
2025-09-01,Alfa,AM,97260.58,90613.93
2025-09-01,Alfa,BA,21108.73,19666.19
2025-09-01,Alfa,CE,523819.95,488022.85
2025-09-01,Alfa,DF,472135.99,439870.89
2025-09-01,Alfa,ES,2098776.44,1955349.08
2025-09-01,Alfa,GO,373998.09,348439.6
2025-09-01,Alfa,MA,112498.99,104810.97
2025-09-01,Alfa,MT,260436.84,242638.96
2025-09-01,Alfa,MS,35323.0,32909.08
2025-09-01,Alfa,MG,614037.93,572075.46
2025-09-01,Alfa,PA,729092.56,679267.43
2025-09-01,Alfa,PB,139745.08,130195.1
2025-09-01,Alfa,PR,169544.0,157957.61
2025-09-01,Alfa,PE,44072.7,41060.84
2025-09-01,Alfa,PI,45352.38,42253.07
2025-09-01,Alfa,RJ,314790.97,293278.6
2025-09-01,Alfa,RN,424656.6,395636.18
2025-09-01,Alfa,RS,7241.5,6746.63
2025-09-01,Alfa,RO,615738.8,573660.1
2025-09-01,Alfa,RR,192213.06,179077.5
2025-09-01,Alfa,SC,467870.21,435896.63
2025-09-01,Alfa,SP,438425.48,408464.12
2025-09-01,Alfa,SE,879415.07,819317.11
2025-09-01,Alfa,TO,1118116.4,1041705.94
2025-09-01,Beta,AC,206690.76,184422.91999999998
2025-09-01,Beta,AL,491622.57,438657.49
2025-09-01,Beta,AP,84005.96,74955.56
2025-09-01,Beta,AM,315502.6,281511.85
2025-09-01,Beta,BA,184911.15,164989.7
2025-09-01,Beta,CE,203381.87,181470.48
2025-09-01,Beta,DF,762295.65,680169.55
2025-09-01,Beta,ES,1196698.18,1067771.62
2025-09-01,Beta,GO,209511.71,186939.91
2025-09-01,Beta,MA,851339.82,759620.52
2025-09-01,Beta,MT,292848.29,261298.21
2025-09-01,Beta,MS,158795.6,141687.72
2025-09-01,Beta,MG,250482.95,223497.11
2025-09-01,Beta,PA,181930.43,162330.11
2025-09-01,Beta,PB,80198.62,71558.41
2025-09-01,Beta,PR,23348.13,20832.71
2025-09-01,Beta,PE,14139.61,12616.27
2025-09-01,Beta,PI,646888.87,577196.14
2025-09-01,Beta,RJ,420829.6,375491.42
2025-09-01,Beta,RN,217405.2,193983.0
2025-09-01,Beta,RS,321101.4,286507.46
2025-09-01,Beta,RO,2208409.95,1970486.38
2025-09-01,Beta,RR,281836.88,251473.12
2025-09-01,Beta,SC,122212.05,109045.51
2025-09-01,Beta,SP,616687.9,550248.88
2025-09-01,Beta,SE,64976.78,57976.49
2025-09-01,Beta,TO,451196.96,402587.15
2025-09-01,Gamma,AC,131016.09,159330.15
2025-09-01,Gamma,AL,54273.95,66003.18
2025-09-01,Gamma,AP,81930.91,99637.13
2025-09-01,Gamma,AM,231945.14,282071.17
2025-09-01,Gamma,BA,14610.96,17768.56
2025-09-01,Gamma,CE,262465.43,319187.25
2025-09-01,Gamma,DF,297943.42,362332.44
2025-09-01,Gamma,ES,78883.83,95931.54
2025-09-01,Gamma,GO,206891.62,251603.3
2025-09-01,Gamma,MA,162362.9,197451.4
2025-09-01,Gamma,MT,120738.25,146831.18
2025-09-01,Gamma,MS,230812.99,280694.35
2025-09-01,Gamma,MG,70853.94,86166.29
2025-09-01,Gamma,PA,305839.01,371934.36
2025-09-01,Gamma,PB,407225.54,495231.7
2025-09-01,Gamma,PR,159475.39,193939.87
2025-09-01,Gamma,PE,35235.68,42850.52
2025-09-01,Gamma,PI,7721.74,9390.49
2025-09-01,Gamma,RJ,83247.08,101237.74
2025-09-01,Gamma,RN,11235.27,13663.34
2025-09-01,Gamma,RS,77138.79,93809.37
2025-09-01,Gamma,RO,410066.67,498686.82
2025-09-01,Gamma,RR,237073.06,288307.29
2025-09-01,Gamma,SC,13086.72,15914.91
2025-09-01,Gamma,SP,37579.93,45701.39
2025-09-01,Gamma,SE,185026.16,225012.46
2025-09-01,Gamma,TO,511688.67,622270.52
2025-09-01,Delta,AC,23061.72,24788.67
2025-09-01,Delta,AL,75859.94,81540.65
2025-09-01,Delta,AP,238373.24,256223.62
2025-09-01,Delta,AM,127325.29,136859.94
2025-09-01,Delta,BA,69223.54,74407.29
2025-09-01,Delta,CE,914431.7,982908.18
2025-09-01,Delta,DF,190543.52,204812.21
2025-09-01,Delta,ES,98158.68,105509.22
2025-09-01,Delta,GO,172686.3,185617.78
2025-09-01,Delta,MA,40125.3,43130.05
2025-09-01,Delta,MT,279566.83,300501.96
2025-09-01,Delta,MS,111413.13,119756.22
2025-09-01,Delta,MG,178794.68,192183.57
2025-09-01,Delta,PA,797951.57,857705.52
2025-09-01,Delta,PB,105589.27,113496.23
2025-09-01,Delta,PR,98141.9,105491.17
2025-09-01,Delta,PE,116554.67,125282.77
2025-09-01,Delta,PI,64628.96,69468.65
2025-09-01,Delta,RJ,130572.1,140349.88
2025-09-01,Delta,RN,11154.15,11989.41
2025-09-01,Delta,RS,296095.33,318268.19
2025-09-01,Delta,RO,682846.34,733980.74
2025-09-01,Delta,RR,103668.63,111431.78
2025-09-01,Delta,SC,1737.48,1867.59
2025-09-01,Delta,SP,52261.27,56174.82
2025-09-01,Delta,SE,1714.09,1842.45
2025-09-01,Delta,TO,25463.35,27370.16
2025-09-01,Epsilon,AC,114143.06999999999,132019.64
2025-09-01,Epsilon,AL,151953.54,175751.83
2025-09-01,Epsilon,AP,184392.06,213270.74
2025-09-01,Epsilon,AM,53621.65,62019.63
2025-09-01,Epsilon,BA,432056.57,499723.37
2025-09-01,Epsilon,CE,224694.15,259884.76
2025-09-01,Epsilon,DF,235582.38,272478.25
2025-09-01,Epsilon,ES,169303.54,195819.11
2025-09-01,Epsilon,GO,277606.91,321084.49
2025-09-01,Epsilon,MA,121733.37,140798.72
2025-09-01,Epsilon,MT,340043.65,393299.79
2025-09-01,Epsilon,MS,187417.28,216769.75
2025-09-01,Epsilon,MG,10956.33,12672.26
2025-09-01,Epsilon,PA,21187.5,24505.8
2025-09-01,Epsilon,PB,107546.41,124389.85
2025-09-01,Epsilon,PR,7508.85,8684.86
2025-09-01,Epsilon,PE,18242.74,21099.84
2025-09-01,Epsilon,PI,104954.2,121391.66
2025-09-01,Epsilon,RJ,78442.1,90727.36
2025-09-01,Epsilon,RN,232860.53,269330.12
2025-09-01,Epsilon,RS,66458.37,76866.79
2025-09-01,Epsilon,RO,70398.55,81424.06
2025-09-01,Epsilon,RR,103682.86,119921.22
2025-09-01,Epsilon,SC,8574.76,9917.71
2025-09-01,Epsilon,SP,231498.96,267755.31
2025-09-01,Epsilon,SE,299471.69,346373.62
2025-09-01,Epsilon,TO,799728.26,924978.18
2025-09-01,Omega,AC,64984.82,75450.49
2025-09-01,Omega,AL,255951.4,297172.11
2025-09-01,Omega,AP,872569.48,1013095.89
2025-09-01,Omega,AM,42166.51,48957.39
2025-09-01,Omega,BA,548022.08,636280.47
2025-09-01,Omega,CE,75068.75,87158.49
2025-09-01,Omega,DF,10299.4,11958.11
2025-09-01,Omega,ES,11899.28,13815.65
2025-09-01,Omega,GO,36042.65,41847.28
2025-09-01,Omega,MA,192130.35,223072.75
2025-09-01,Omega,MT,215915.01,250687.9
2025-09-01,Omega,MS,202196.38,234759.9
2025-09-01,Omega,MG,86875.17,100866.33
2025-09-01,Omega,PA,141651.33,164464.13
2025-09-01,Omega,PB,211502.27,245564.5
2025-09-01,Omega,PR,132012.5,153272.98
2025-09-01,Omega,PE,103758.84,120469.1
2025-09-01,Omega,PI,47626.2,55296.35
2025-09-01,Omega,RJ,83515.89,96966.04
2025-09-01,Omega,RN,252551.53,293224.7
2025-09-01,Omega,RS,136097.87,158016.3
2025-09-01,Omega,RO,38231.47,44388.61
2025-09-01,Omega,RR,45940.41,53339.07
2025-09-01,Omega,SC,270665.24,314255.6
2025-09-01,Omega,SP,409593.96,475558.65
2025-09-01,Omega,SE,62063.76,72059.07
2025-09-01,Omega,TO,86956.59,100960.86
2025-09-01,Capa,AC,38.79,108.50999999999999
2025-09-01,Capa,AL,353.67,989.66
2025-09-01,Capa,AP,3719.5,10408.01
2025-09-01,Capa,AM,12413.74,34736.43
2025-09-01,Capa,BA,2862.39,8009.6
2025-09-01,Capa,CE,2487.11,6959.49
2025-09-01,Capa,DF,4642.17,12989.83
2025-09-01,Capa,ES,1056.81,2957.2
2025-09-01,Capa,GO,2451.75,6860.55
2025-09-01,Capa,MA,1524.39,4265.6
2025-09-01,Capa,MT,1489.15,4166.98
2025-09-01,Capa,MS,634.99,1776.84
2025-09-01,Capa,MG,1813.74,5075.26
2025-09-01,Capa,PA,2229.54,6238.74
2025-09-01,Capa,PB,5948.15,16644.26
2025-09-01,Capa,PR,9430.38,26388.31
2025-09-01,Capa,PE,288.85,808.25
2025-09-01,Capa,PI,372.21,1041.53
2025-09-01,Capa,RJ,5488.5,15358.05
2025-09-01,Capa,RN,2561.25,7166.94
2025-09-01,Capa,RS,4371.37,12232.06
2025-09-01,Capa,RO,312.29,873.86
2025-09-01,Capa,RR,524.16,1466.71
2025-09-01,Capa,SC,2537.25,7099.79
2025-09-01,Capa,SP,1763.02,4933.33
2025-09-01,Capa,SE,1882.73,5268.29
2025-09-01,Capa,TO,7012.6,19622.83
2025-09-01,Iota,AC,1852.3700000000001,3372.07
2025-09-01,Iota,AL,8633.17,15715.76
2025-09-01,Iota,AP,2261.47,4116.77
2025-09-01,Iota,AM,5255.51,9567.09
2025-09-01,Iota,BA,5092.3,9269.98
2025-09-01,Iota,CE,1697.93,3090.89
2025-09-01,Iota,DF,4118.48,7497.25
2025-09-01,Iota,ES,9494.62,17283.94
2025-09-01,Iota,GO,8548.17,15561.03
2025-09-01,Iota,MA,3493.52,6359.57
2025-09-01,Iota,MT,1024.63,1865.22
2025-09-01,Iota,MS,1204.21,2192.13
2025-09-01,Iota,MG,5911.78,10761.76
2025-09-01,Iota,PA,2867.05,5219.15
2025-09-01,Iota,PB,2913.25,5303.26
2025-09-01,Iota,PR,212.78,387.34
2025-09-01,Iota,PE,1132.65,2061.87
2025-09-01,Iota,PI,4268.12,7769.66
2025-09-01,Iota,RJ,1101.23,2004.67
2025-09-01,Iota,RN,630.59,1147.93
2025-09-01,Iota,RS,1517.98,2763.33
2025-09-01,Iota,RO,4473.87,8144.2
2025-09-01,Iota,RR,4576.53,8331.08
2025-09-01,Iota,SC,3040.58,5535.05
2025-09-01,Iota,SP,2441.32,4444.16
2025-09-01,Iota,SE,7860.88,14309.89
2025-09-01,Iota,TO,7121.56,12964.04
2025-10-01,Alfa,AC,1100328.15,977238.95
2025-10-01,Alfa,AL,497120.81,441509.93
2025-10-01,Alfa,AP,242698.7,215548.99
2025-10-01,Alfa,AM,351513.11,312190.77
2025-10-01,Alfa,BA,140423.53,124714.92
2025-10-01,Alfa,CE,829530.29,736734.13
2025-10-01,Alfa,DF,293080.99,260295.21
2025-10-01,Alfa,ES,680895.93,604726.88
2025-10-01,Alfa,GO,676317.95,600661.02
2025-10-01,Alfa,MA,27811.03,24699.93
2025-10-01,Alfa,MT,917691.75,815033.33
2025-10-01,Alfa,MS,89435.67,79430.87
2025-10-01,Alfa,MG,148088.87,131522.77
2025-10-01,Alfa,PA,374425.22,332539.8
2025-10-01,Alfa,PB,393558.3,349532.54
2025-10-01,Alfa,PR,220652.18,195968.72
2025-10-01,Alfa,PE,218614.99,194159.42
2025-10-01,Alfa,PI,636131.51,564970.08
2025-10-01,Alfa,RJ,342228.32,303944.63
2025-10-01,Alfa,RN,557271.77,494932.05
2025-10-01,Alfa,RS,963012.31,855284.06
2025-10-01,Alfa,RO,279641.84,248359.45
2025-10-01,Alfa,RR,299671.63,266148.59
2025-10-01,Alfa,SC,222108.99,197262.56
2025-10-01,Alfa,SP,160278.71,142348.99
2025-10-01,Alfa,SE,855402.38,759712.01
2025-10-01,Alfa,TO,63453.58,56355.29
2025-10-01,Beta,AC,178979.51,162530.91
2025-10-01,Beta,AL,200092.17,181703.26
2025-10-01,Beta,AP,908909.23,825378.46
2025-10-01,Beta,AM,148940.12,135252.19
2025-10-01,Beta,BA,172068.46,156254.99
2025-10-01,Beta,CE,90781.61,82438.58
2025-10-01,Beta,DF,190767.36,173235.42
2025-10-01,Beta,ES,76377.89,69358.59
2025-10-01,Beta,GO,283790.85,257709.84
2025-10-01,Beta,MA,142126.58,129064.83
2025-10-01,Beta,MT,199370.36,181047.78
2025-10-01,Beta,MS,831518.1,755099.74
2025-10-01,Beta,MG,1471327.5,1336109.24
2025-10-01,Beta,PA,65946.25,59885.64
2025-10-01,Beta,PB,689657.33,626276.29
2025-10-01,Beta,PR,12318.72,11186.6
2025-10-01,Beta,PE,267685.0,243084.15
2025-10-01,Beta,PI,1035001.56,939882.62
2025-10-01,Beta,RJ,286899.14,260532.47
2025-10-01,Beta,RN,866276.15,786663.45
2025-10-01,Beta,RS,434304.5,394390.95
2025-10-01,Beta,RO,212847.8,193286.61
2025-10-01,Beta,RR,299785.83,272234.85
2025-10-01,Beta,SC,290241.27,263567.45
2025-10-01,Beta,SP,449683.25,408356.37
2025-10-01,Beta,SE,185229.4,168206.41
2025-10-01,Beta,TO,203178.15,184505.62
2025-10-01,Gamma,AC,77729.89,82071.76
2025-10-01,Gamma,AL,90347.93,95394.69
2025-10-01,Gamma,AP,138106.65,145821.17
2025-10-01,Gamma,AM,154856.0,163506.12
2025-10-01,Gamma,BA,62186.46,65660.15
2025-10-01,Gamma,CE,74362.13,78515.94
2025-10-01,Gamma,DF,14776.51,15601.91
2025-10-01,Gamma,ES,67541.88,71314.72
2025-10-01,Gamma,GO,272734.52,287969.24
2025-10-01,Gamma,MA,146118.41,154280.45
2025-10-01,Gamma,MT,42597.45,44976.91
2025-10-01,Gamma,MS,4921.82,5196.75
2025-10-01,Gamma,MG,93078.54,98277.83
2025-10-01,Gamma,PA,33115.67,34965.49
2025-10-01,Gamma,PB,4362.22,4605.89
2025-10-01,Gamma,PR,335818.47,354577.0
2025-10-01,Gamma,PE,305922.23,323010.77
2025-10-01,Gamma,PI,64701.13,68315.28
2025-10-01,Gamma,RJ,47263.12,49903.19
2025-10-01,Gamma,RN,263963.77,278708.55
2025-10-01,Gamma,RS,133807.81,141282.2
2025-10-01,Gamma,RO,137107.08,144765.76
2025-10-01,Gamma,RR,133088.58,140522.8
2025-10-01,Gamma,SC,295552.17,312061.46
2025-10-01,Gamma,SP,842203.55,889248.31
2025-10-01,Gamma,SE,182896.05,193112.47
2025-10-01,Gamma,TO,851672.46,899246.14
2025-10-01,Delta,AC,148942.43,178675.84
2025-10-01,Delta,AL,14087.95,16900.34
2025-10-01,Delta,AP,144767.43,173667.4
2025-10-01,Delta,AM,226253.85,271420.97
2025-10-01,Delta,BA,33720.17,40451.73
2025-10-01,Delta,CE,47075.18,56472.81
2025-10-01,Delta,DF,203910.39,244617.08
2025-10-01,Delta,ES,59100.97,70899.32
2025-10-01,Delta,GO,3571.63,4284.64
2025-10-01,Delta,MA,202396.24,242800.66
2025-10-01,Delta,MT,192929.18,231443.68
2025-10-01,Delta,MS,45964.63,55140.56
2025-10-01,Delta,MG,437864.67,525275.71
2025-10-01,Delta,PA,52498.32,62978.58
2025-10-01,Delta,PB,19947.94,23930.16
2025-10-01,Delta,PR,81713.57,98026.07
2025-10-01,Delta,PE,6076.96,7290.11
2025-10-01,Delta,PI,96993.17,116355.95
2025-10-01,Delta,RJ,155183.94,186163.35
2025-10-01,Delta,RN,525820.31,630789.97
2025-10-01,Delta,RS,413652.63,496230.22
2025-10-01,Delta,RO,138225.78,165819.83
2025-10-01,Delta,RR,9565.82,11475.45
2025-10-01,Delta,SC,124157.01,148942.51
2025-10-01,Delta,SP,193635.51,232291.02
2025-10-01,Delta,SE,306677.67,367899.82
2025-10-01,Delta,TO,402348.27,482669.17
2025-10-01,Epsilon,AC,14964.42,17391.87
2025-10-01,Epsilon,AL,353395.71,410721.84
2025-10-01,Epsilon,AP,35952.91,41785.01
2025-10-01,Epsilon,AM,203955.09,237039.69
2025-10-01,Epsilon,BA,56208.49,65326.36
2025-10-01,Epsilon,CE,52466.21,60977.02
2025-10-01,Epsilon,DF,470759.22,547123.49
2025-10-01,Epsilon,ES,161961.0,188233.52
2025-10-01,Epsilon,GO,363016.69,421903.49
2025-10-01,Epsilon,MA,82471.82,95850.0
2025-10-01,Epsilon,MT,128235.95,149037.77
2025-10-01,Epsilon,MS,153065.21,177894.7
2025-10-01,Epsilon,MG,346272.83,402443.52
2025-10-01,Epsilon,PA,120003.28,139469.63
2025-10-01,Epsilon,PB,154595.08,179672.74
2025-10-01,Epsilon,PR,149623.49,173894.68
2025-10-01,Epsilon,PE,176352.1,204959.08
2025-10-01,Epsilon,PI,20515.93,23843.92
2025-10-01,Epsilon,RJ,83865.92,97470.24
2025-10-01,Epsilon,RN,8121.59,9439.04
2025-10-01,Epsilon,RS,6672.82,7755.25
2025-10-01,Epsilon,RO,639421.52,743145.37
2025-10-01,Epsilon,RR,16632.85,19330.95
2025-10-01,Epsilon,SC,199329.93,231664.26
2025-10-01,Epsilon,SP,84412.65,98105.66
2025-10-01,Epsilon,SE,46970.76,54590.13
2025-10-01,Epsilon,TO,295852.04,343843.72
2025-10-01,Omega,AC,314208.63,379243.39999999997
2025-10-01,Omega,AL,72256.04,87211.57
2025-10-01,Omega,AP,9330.31,11261.5
2025-10-01,Omega,AM,59831.91,72215.9
2025-10-01,Omega,BA,161378.17,194780.18
2025-10-01,Omega,CE,66893.7,80739.34
2025-10-01,Omega,DF,29864.3,36045.61
2025-10-01,Omega,ES,62912.15,75933.69
2025-10-01,Omega,GO,27592.59,33303.69
2025-10-01,Omega,MA,314480.85,379571.99
2025-10-01,Omega,MT,110128.09,132922.37
2025-10-01,Omega,MS,136273.49,164479.33
2025-10-01,Omega,MG,468003.14,564870.28
2025-10-01,Omega,PA,38589.91,46577.24
2025-10-01,Omega,PB,28797.28,34757.73
2025-10-01,Omega,PR,38856.34,46898.82
2025-10-01,Omega,PE,422902.02,510434.14
2025-10-01,Omega,PI,248981.61,300515.74
2025-10-01,Omega,RJ,531787.38,641856.56
2025-10-01,Omega,RN,17289.63,20868.23
2025-10-01,Omega,RS,45994.19,55514.06
2025-10-01,Omega,RO,28524.1,34428.01
2025-10-01,Omega,RR,204497.31,246824.09
2025-10-01,Omega,SC,36051.07,43512.91
2025-10-01,Omega,SP,382985.33,462255.51
2025-10-01,Omega,SE,66085.71,79764.11
2025-10-01,Omega,TO,336482.01,406126.95
2025-10-01,Capa,AC,459.25,1190.49
2025-10-01,Capa,AL,4442.1,11515.52
2025-10-01,Capa,AP,1460.67,3786.58
2025-10-01,Capa,AM,511.03,1324.77
2025-10-01,Capa,BA,1327.67,3441.81
2025-10-01,Capa,CE,1616.77,4191.26
2025-10-01,Capa,DF,20962.7,54342.89
2025-10-01,Capa,ES,3975.56,10306.08
2025-10-01,Capa,GO,568.21,1473.01
2025-10-01,Capa,MA,1285.2,3331.71
2025-10-01,Capa,MT,2848.73,7384.94
2025-10-01,Capa,MS,1122.73,2910.53
2025-10-01,Capa,MG,1547.38,4011.37
2025-10-01,Capa,PA,761.7,1974.6
2025-10-01,Capa,PB,347.28,900.29
2025-10-01,Capa,PR,8298.03,21511.49
2025-10-01,Capa,PE,1447.7,3752.97
2025-10-01,Capa,PI,2979.27,7723.34
2025-10-01,Capa,RJ,1183.59,3068.3
2025-10-01,Capa,RN,9618.2,24933.83
2025-10-01,Capa,RS,2564.3,6647.59
2025-10-01,Capa,RO,418.35,1084.51
2025-10-01,Capa,RR,2754.03,7139.43
2025-10-01,Capa,SC,3419.26,8863.96
2025-10-01,Capa,SP,340.8,883.49
2025-10-01,Capa,SE,6221.8,16129.14
2025-10-01,Capa,TO,2610.44,6767.19
2025-10-01,Iota,AC,11337.11,19744.47
2025-10-01,Iota,AL,5895.3,10267.19
2025-10-01,Iota,AP,4159.27,7243.74
2025-10-01,Iota,AM,180.71,314.72
2025-10-01,Iota,BA,13667.63,23803.39
2025-10-01,Iota,CE,2168.87,3777.28
2025-10-01,Iota,DF,1819.03,3168.01
2025-10-01,Iota,ES,240.76,419.3
2025-10-01,Iota,GO,1385.12,2412.32
2025-10-01,Iota,MA,8197.97,14277.49
2025-10-01,Iota,MT,8075.65,14064.46
2025-10-01,Iota,MS,403.74,703.15
2025-10-01,Iota,MG,2233.27,3889.43
2025-10-01,Iota,PA,5499.82,9578.42
2025-10-01,Iota,PB,2948.63,5135.3
2025-10-01,Iota,PR,1126.42,1961.77
2025-10-01,Iota,PE,4275.69,7446.5
2025-10-01,Iota,PI,2920.92,5087.05
2025-10-01,Iota,RJ,3169.58,5520.11
2025-10-01,Iota,RN,773.57,1347.24
2025-10-01,Iota,RS,2311.74,4026.09
2025-10-01,Iota,RO,6143.01,10698.6
2025-10-01,Iota,RR,2940.02,5120.3
2025-10-01,Iota,SC,4166.29,7255.96
2025-10-01,Iota,SP,1967.7,3426.93
2025-10-01,Iota,SE,7027.69,12239.35
2025-10-01,Iota,TO,515.24,897.34
2025-11-01,Alfa,AC,128887.92,119112.08
2025-11-01,Alfa,AL,984232.11,909580.38
2025-11-01,Alfa,AP,233786.46,216054.29
2025-11-01,Alfa,AM,260451.82,240697.15
2025-11-01,Alfa,BA,465643.07,430325.11
2025-11-01,Alfa,CE,530403.04,490173.19
2025-11-01,Alfa,DF,456403.39,421786.24
2025-11-01,Alfa,ES,361810.53,334368.04
2025-11-01,Alfa,GO,3473.81,3210.33
2025-11-01,Alfa,MA,75463.02,69739.32
2025-11-01,Alfa,MT,143871.98,132959.62
2025-11-01,Alfa,MS,824857.74,762294.18
2025-11-01,Alfa,MG,1159286.91,1071357.67
2025-11-01,Alfa,PA,296582.24,274087.16
2025-11-01,Alfa,PB,210148.29,194209.03
2025-11-01,Alfa,PR,1467243.82,1355956.76
2025-11-01,Alfa,PE,321780.87,297374.53
2025-11-01,Alfa,PI,563364.2,520634.32
2025-11-01,Alfa,RJ,375568.08,347082.11
2025-11-01,Alfa,RN,207342.75,191616.28
2025-11-01,Alfa,RS,257589.45,238051.88
2025-11-01,Alfa,RO,472149.2,436337.78
2025-11-01,Alfa,RR,1073270.89,991865.76
2025-11-01,Alfa,SC,260280.86,240539.16
2025-11-01,Alfa,SP,238030.35,219976.29
2025-11-01,Alfa,SE,25179.36,23269.56
2025-11-01,Alfa,TO,58801.22,54341.28
2025-11-01,Beta,AC,57477.7,54711.52
2025-11-01,Beta,AL,634134.95,603616.79
2025-11-01,Beta,AP,556776.72,529981.48
2025-11-01,Beta,AM,634828.02,604276.51
2025-11-01,Beta,BA,12513.03,11910.83
2025-11-01,Beta,CE,464255.58,441912.98
2025-11-01,Beta,DF,133601.66,127171.99
2025-11-01,Beta,ES,269974.41,256981.71
2025-11-01,Beta,GO,917951.51,873774.5
2025-11-01,Beta,MA,346137.35,329479.26
2025-11-01,Beta,MT,53057.92,50504.48
2025-11-01,Beta,MS,208792.07,198743.82
2025-11-01,Beta,MG,1322728.34,1259071.18
2025-11-01,Beta,PA,972552.26,925747.56
2025-11-01,Beta,PB,660600.28,628808.47
2025-11-01,Beta,PR,57309.23,54551.18
2025-11-01,Beta,PE,70562.23,67166.38
2025-11-01,Beta,PI,42991.69,40922.68
2025-11-01,Beta,RJ,59979.52,57092.97
2025-11-01,Beta,RN,5108.78,4862.92
2025-11-01,Beta,RS,783737.19,746019.33
2025-11-01,Beta,RO,507646.21,483215.4
2025-11-01,Beta,RR,660962.5,629153.25
2025-11-01,Beta,SC,284257.54,270577.47
2025-11-01,Beta,SP,1473.13,1402.24
2025-11-01,Beta,SE,263455.09,250776.15
2025-11-01,Beta,TO,27174.27,25866.49
2025-11-01,Gamma,AC,5999.139999999999,6451.209999999999
2025-11-01,Gamma,AL,71476.53,76862.64
2025-11-01,Gamma,AP,343037.62,368887.18
2025-11-01,Gamma,AM,289567.98,311388.35
2025-11-01,Gamma,BA,325754.25,350301.43
2025-11-01,Gamma,CE,189419.84,203693.55
2025-11-01,Gamma,DF,41753.26,44899.57
2025-11-01,Gamma,ES,288689.14,310443.28
2025-11-01,Gamma,GO,373791.44,401958.45
2025-11-01,Gamma,MA,378906.82,407459.3
2025-11-01,Gamma,MT,306562.0,329662.94
2025-11-01,Gamma,MS,202916.65,218207.41
2025-11-01,Gamma,MG,431923.73,464471.29
2025-11-01,Gamma,PA,300626.24,323279.89
2025-11-01,Gamma,PB,13295.41,14297.28
2025-11-01,Gamma,PR,65991.12,70963.87
2025-11-01,Gamma,PE,80268.95,86317.61
2025-11-01,Gamma,PI,377380.98,405818.48
2025-11-01,Gamma,RJ,155899.42,167647.2
2025-11-01,Gamma,RN,10217.11,10987.02
2025-11-01,Gamma,RS,21010.52,22593.77
2025-11-01,Gamma,RO,70741.18,76071.88
2025-11-01,Gamma,RR,46843.66,50373.56
2025-11-01,Gamma,SC,33474.32,35996.77
2025-11-01,Gamma,SP,59831.07,64339.64
2025-11-01,Gamma,SE,204731.46,220158.97
2025-11-01,Gamma,TO,232450.89,249967.2
2025-11-01,Delta,AC,234834.44,250717.96000000002
2025-11-01,Delta,AL,116573.69,124458.4
2025-11-01,Delta,AP,156188.61,166752.75
2025-11-01,Delta,AM,12691.9,13550.35
2025-11-01,Delta,BA,114159.8,121881.23
2025-11-01,Delta,CE,63786.82,68101.17
2025-11-01,Delta,DF,38239.53,40825.94
2025-11-01,Delta,ES,138609.45,147984.59
2025-11-01,Delta,GO,41123.39,43904.86
2025-11-01,Delta,MA,20431.86,21813.81
2025-11-01,Delta,MT,276777.11,295497.5
2025-11-01,Delta,MS,422297.83,450860.82
2025-11-01,Delta,MG,169700.04,181178.05
2025-11-01,Delta,PA,1323.33,1412.83
2025-11-01,Delta,PB,133512.66,142543.07
2025-11-01,Delta,PR,14715.84,15711.17
2025-11-01,Delta,PE,317221.97,338677.94
2025-11-01,Delta,PI,579645.36,618850.88
2025-11-01,Delta,RJ,244251.36,260771.81
2025-11-01,Delta,RN,74924.43,79992.1
2025-11-01,Delta,RS,754142.68,805150.69
2025-11-01,Delta,RO,311800.61,332889.89
2025-11-01,Delta,RR,22443.8,23961.83
2025-11-01,Delta,SC,62029.21,66224.68
2025-11-01,Delta,SP,371716.43,396858.25
2025-11-01,Delta,SE,64056.1,68388.66
2025-11-01,Delta,TO,200947.04,214538.51
2025-11-01,Epsilon,AC,43827.64,51929.06
2025-11-01,Epsilon,AL,16007.4,18966.32
2025-11-01,Epsilon,AP,151584.65,179604.57
2025-11-01,Epsilon,AM,123706.33,146573.04
2025-11-01,Epsilon,BA,263760.61,312515.89
2025-11-01,Epsilon,CE,35172.28,41673.76
2025-11-01,Epsilon,DF,5945.26,7044.22
2025-11-01,Epsilon,ES,297388.33,352359.59
2025-11-01,Epsilon,GO,119095.89,141110.37
2025-11-01,Epsilon,MA,516.9,612.45
2025-11-01,Epsilon,MT,574314.0,680474.06
2025-11-01,Epsilon,MS,272007.15,322286.78
2025-11-01,Epsilon,MG,55155.23,65350.49
2025-11-01,Epsilon,PA,117710.98,139469.47
2025-11-01,Epsilon,PB,40994.36,48572.03
2025-11-01,Epsilon,PR,35050.96,41530.01
2025-11-01,Epsilon,PE,69626.26,82496.45
2025-11-01,Epsilon,PI,44247.35,52426.32
2025-11-01,Epsilon,RJ,48953.14,58001.97
2025-11-01,Epsilon,RN,9752.71,11555.46
2025-11-01,Epsilon,RS,632620.95,749558.86
2025-11-01,Epsilon,RO,128050.72,151720.47
2025-11-01,Epsilon,RR,14725.69,17447.69
2025-11-01,Epsilon,SC,18348.02,21739.59
2025-11-01,Epsilon,SP,171396.06,203078.06
2025-11-01,Epsilon,SE,1090574.91,1292164.11
2025-11-01,Epsilon,TO,87132.49,103238.65
2025-11-01,Omega,AC,620781.16,666584.64
2025-11-01,Omega,AL,138603.19,148829.85
2025-11-01,Omega,AP,40142.13,43103.97
2025-11-01,Omega,AM,104132.55,111815.83
2025-11-01,Omega,BA,97389.55,104575.3
2025-11-01,Omega,CE,169926.7,182464.52
2025-11-01,Omega,DF,129842.01,139422.23
2025-11-01,Omega,ES,374749.2,402399.57
2025-11-01,Omega,GO,224425.2,240984.12
2025-11-01,Omega,MA,60860.54,65351.06
2025-11-01,Omega,MT,349721.54,375525.28
2025-11-01,Omega,MS,44298.35,47566.84
2025-11-01,Omega,MG,71384.28,76651.28
2025-11-01,Omega,PA,6829.75,7333.68
2025-11-01,Omega,PB,182601.21,196074.2
2025-11-01,Omega,PR,119672.01,128501.86
2025-11-01,Omega,PE,185631.59,199328.17
2025-11-01,Omega,PI,457707.77,491479.14
2025-11-01,Omega,RJ,68377.87,73423.05
2025-11-01,Omega,RN,194635.49,208996.41
2025-11-01,Omega,RS,148114.43,159042.86
2025-11-01,Omega,RO,307299.28,329972.95
2025-11-01,Omega,RR,400155.72,429680.68
2025-11-01,Omega,SC,295499.88,317302.95
2025-11-01,Omega,SP,90491.98,97168.81
2025-11-01,Omega,SE,30318.83,32555.87
2025-11-01,Omega,TO,16171.43,17364.62
2025-11-01,Capa,AC,1708.1200000000001,4213.49
2025-11-01,Capa,AL,9068.97,22370.32
2025-11-01,Capa,AP,1510.91,3726.94
2025-11-01,Capa,AM,87.46,215.72
2025-11-01,Capa,BA,1414.2,3488.38
2025-11-01,Capa,CE,1571.52,3876.45
2025-11-01,Capa,DF,934.48,2305.06
2025-11-01,Capa,ES,2624.01,6472.62
2025-11-01,Capa,GO,1751.53,4320.48
2025-11-01,Capa,MA,243.91,601.64
2025-11-01,Capa,MT,2161.67,5332.16
2025-11-01,Capa,MS,4866.74,12004.72
2025-11-01,Capa,MG,3577.45,8824.46
2025-11-01,Capa,PA,250.55,618.02
2025-11-01,Capa,PB,8497.26,20960.08
2025-11-01,Capa,PR,2718.95,6706.8
2025-11-01,Capa,PE,2192.77,5408.87
2025-11-01,Capa,PI,849.42,2095.26
2025-11-01,Capa,RJ,5919.34,14601.17
2025-11-01,Capa,RN,4053.09,9997.71
2025-11-01,Capa,RS,113.14,279.07
2025-11-01,Capa,RO,351.97,868.19
2025-11-01,Capa,RR,172.46,425.4
2025-11-01,Capa,SC,2601.32,6416.64
2025-11-01,Capa,SP,19727.45,48661.45
2025-11-01,Capa,SE,8511.7,20995.71
2025-11-01,Capa,TO,2914.66,7189.55
2025-11-01,Iota,AC,2181.92,3862.67
2025-11-01,Iota,AL,1271.27,2250.52
2025-11-01,Iota,AP,2594.74,4593.46
2025-11-01,Iota,AM,1051.37,1861.24
2025-11-01,Iota,BA,1339.79,2371.83
2025-11-01,Iota,CE,2833.36,5015.89
2025-11-01,Iota,DF,3777.98,6688.15
2025-11-01,Iota,ES,6719.94,11896.3
2025-11-01,Iota,GO,2149.22,3804.77
2025-11-01,Iota,MA,4974.6,8806.53
2025-11-01,Iota,MT,143.49,254.02
2025-11-01,Iota,MS,954.27,1689.34
2025-11-01,Iota,MG,714.64,1265.12
2025-11-01,Iota,PA,3469.81,6142.6
2025-11-01,Iota,PB,500.58,886.17
2025-11-01,Iota,PR,16804.9,29749.72
2025-11-01,Iota,PE,3052.15,5403.23
2025-11-01,Iota,PI,7293.57,12911.81
2025-11-01,Iota,RJ,309.12,547.24
2025-11-01,Iota,RN,3685.65,6524.71
2025-11-01,Iota,RS,5591.62,9898.84
2025-11-01,Iota,RO,3416.79,6048.75
2025-11-01,Iota,RR,2865.37,5072.56
2025-11-01,Iota,SC,4892.73,8661.61
2025-11-01,Iota,SP,11649.15,20622.48
2025-11-01,Iota,SE,3540.41,6267.59
2025-11-01,Iota,TO,7183.24,12716.49
2025-12-01,Alfa,AC,303148.93,258469.43
2025-12-01,Alfa,AL,58042.27,49487.73
2025-12-01,Alfa,AP,57095.08,48680.14
2025-12-01,Alfa,AM,2223309.92,1895628.17
2025-12-01,Alfa,BA,739360.94,630390.49
2025-12-01,Alfa,CE,915466.44,780540.74
2025-12-01,Alfa,DF,637632.46,543655.22
2025-12-01,Alfa,ES,523623.51,446449.45
2025-12-01,Alfa,GO,782850.21,667470.11
2025-12-01,Alfa,MA,332942.35,283871.76
2025-12-01,Alfa,MT,129530.8,110439.95
2025-12-01,Alfa,MS,670716.77,571863.42
2025-12-01,Alfa,MG,349899.47,298329.66
2025-12-01,Alfa,PA,83708.91,71371.5
2025-12-01,Alfa,PB,1105732.11,942764.18
2025-12-01,Alfa,PR,449735.59,383451.47
2025-12-01,Alfa,PE,105787.02,90195.63
2025-12-01,Alfa,PI,237529.3,202521.13
2025-12-01,Alfa,RJ,329983.38,281348.9
2025-12-01,Alfa,RN,200197.04,170691.07
2025-12-01,Alfa,RS,573358.86,488854.57
2025-12-01,Alfa,RO,295391.79,251855.57
2025-12-01,Alfa,RR,157941.66,134663.49
2025-12-01,Alfa,SC,354674.69,302401.08
2025-12-01,Alfa,SP,705923.15,601880.91
2025-12-01,Alfa,SE,27097.54,23103.78
2025-12-01,Alfa,TO,70603.5,60197.63
2025-12-01,Beta,AC,843037.94,753836.71
2025-12-01,Beta,AL,243340.44,217592.77
2025-12-01,Beta,AP,133147.02,119058.83
2025-12-01,Beta,AM,2452362.33,2192879.67
2025-12-01,Beta,BA,218525.56,195403.53
2025-12-01,Beta,CE,85107.63,76102.45
2025-12-01,Beta,DF,548553.67,490511.61
2025-12-01,Beta,ES,501315.3,448271.5
2025-12-01,Beta,GO,75523.39,67532.32
2025-12-01,Beta,MA,491538.9,439529.53
2025-12-01,Beta,MT,24129.53,21576.4
2025-12-01,Beta,MS,503153.57,449915.26
2025-12-01,Beta,MG,169296.61,151383.46
2025-12-01,Beta,PA,222813.99,199238.21
2025-12-01,Beta,PB,196825.83,175999.84
2025-12-01,Beta,PR,385439.44,344656.37
2025-12-01,Beta,PE,753786.09,674028.54
2025-12-01,Beta,PI,444218.92,397216.44
2025-12-01,Beta,RJ,149200.12,133413.36
2025-12-01,Beta,RN,81690.74,73047.11
2025-12-01,Beta,RS,791944.61,708149.54
2025-12-01,Beta,RO,272622.66,243776.66
2025-12-01,Beta,RR,466287.82,416950.25
2025-12-01,Beta,SC,244411.96,218550.91
2025-12-01,Beta,SP,140388.42,125534.02
2025-12-01,Beta,SE,93633.2,83725.94
2025-12-01,Beta,TO,127085.0,113638.23
2025-12-01,Gamma,AC,296316.70999999996,368236.39999999997
2025-12-01,Gamma,AL,23236.21,28875.92
2025-12-01,Gamma,AP,98438.45,122330.66
2025-12-01,Gamma,AM,54971.95,68314.31
2025-12-01,Gamma,BA,203472.8,252858.12
2025-12-01,Gamma,CE,171664.58,213329.66
2025-12-01,Gamma,DF,523.49,650.54
2025-12-01,Gamma,ES,40499.49,50329.2
2025-12-01,Gamma,GO,176049.72,218779.12
2025-12-01,Gamma,MA,91833.92,114123.12
2025-12-01,Gamma,MT,481907.15,598871.86
2025-12-01,Gamma,MS,424769.58,527866.31
2025-12-01,Gamma,MG,148997.0,185160.38
2025-12-01,Gamma,PA,21199.66,26345.08
2025-12-01,Gamma,PB,124271.73,154433.98
2025-12-01,Gamma,PR,148205.92,184177.3
2025-12-01,Gamma,PE,213380.34,265170.34
2025-12-01,Gamma,PI,301438.82,374601.68
2025-12-01,Gamma,RJ,12464.37,15489.62
2025-12-01,Gamma,RN,497656.48,618443.75
2025-12-01,Gamma,RS,21537.1,26764.41
2025-12-01,Gamma,RO,20860.64,25923.77
2025-12-01,Gamma,RR,37314.15,46370.74
2025-12-01,Gamma,SC,218064.29,270991.14
2025-12-01,Gamma,SP,37329.61,46389.96
2025-12-01,Gamma,SE,183149.48,227602.08
2025-12-01,Gamma,TO,211520.54,262859.14
2025-12-01,Delta,AC,157201.08000000002,187014.80000000002
2025-12-01,Delta,AL,99327.96,118165.85
2025-12-01,Delta,AP,559296.4,665368.88
2025-12-01,Delta,AM,119951.35,142700.54
2025-12-01,Delta,BA,1020.66,1214.23
2025-12-01,Delta,CE,134361.69,159843.84
2025-12-01,Delta,DF,165806.03,197251.71
2025-12-01,Delta,ES,80961.21,96315.78
2025-12-01,Delta,GO,495511.48,589486.93
2025-12-01,Delta,MA,333243.53,396444.31
2025-12-01,Delta,MT,91682.03,109069.84
2025-12-01,Delta,MS,63403.86,75428.62
2025-12-01,Delta,MG,59322.87,70573.66
2025-12-01,Delta,PA,41645.16,49543.3
2025-12-01,Delta,PB,430575.17,512235.23
2025-12-01,Delta,PR,81898.69,97431.06
2025-12-01,Delta,PE,19573.8,23286.04
2025-12-01,Delta,PI,237377.95,282397.49
2025-12-01,Delta,RJ,17190.78,20451.07
2025-12-01,Delta,RN,508768.06,605257.66
2025-12-01,Delta,RS,9337.0,11107.79
2025-12-01,Delta,RO,94510.67,112434.94
2025-12-01,Delta,RR,114972.9,136777.91
2025-12-01,Delta,SC,166252.93,197783.37
2025-12-01,Delta,SP,16539.32,19676.06
2025-12-01,Delta,SE,274813.57,326932.91
2025-12-01,Delta,TO,76572.53,91094.77
2025-12-01,Epsilon,AC,80947.64,89699.23
2025-12-01,Epsilon,AL,125748.97,139344.2
2025-12-01,Epsilon,AP,344800.39,382078.16
2025-12-01,Epsilon,AM,124.13,137.55
2025-12-01,Epsilon,BA,13003.57,14409.44
2025-12-01,Epsilon,CE,309416.12,342868.35
2025-12-01,Epsilon,DF,523987.12,580637.48
2025-12-01,Epsilon,ES,339156.97,375824.6
2025-12-01,Epsilon,GO,372881.34,413195.04
2025-12-01,Epsilon,MA,60632.79,67188.04
2025-12-01,Epsilon,MT,568978.09,630492.6
2025-12-01,Epsilon,MS,141710.31,157031.18
2025-12-01,Epsilon,MG,30715.88,34036.69
2025-12-01,Epsilon,PA,20000.51,22162.85
2025-12-01,Epsilon,PB,46286.09,51290.26
2025-12-01,Epsilon,PR,196412.86,217647.85
2025-12-01,Epsilon,PE,453358.04,502372.41
2025-12-01,Epsilon,PI,72066.94,79858.39
2025-12-01,Epsilon,RJ,191574.46,212286.34
2025-12-01,Epsilon,RN,92730.31,102755.76
2025-12-01,Epsilon,RS,4227.64,4684.7
2025-12-01,Epsilon,RO,32334.13,35829.9
2025-12-01,Epsilon,RR,21717.31,24065.26
2025-12-01,Epsilon,SC,147957.8,163954.12
2025-12-01,Epsilon,SP,3805.46,4216.89
2025-12-01,Epsilon,SE,77238.49,85589.05
2025-12-01,Epsilon,TO,506836.15,561632.25
2025-12-01,Omega,AC,41443.590000000004,48507.38
2025-12-01,Omega,AL,51739.12,60557.66
2025-12-01,Omega,AP,183752.04,215071.18
2025-12-01,Omega,AM,205336.06,240334.02
2025-12-01,Omega,BA,40030.03,46852.84
2025-12-01,Omega,CE,86591.97,101350.91
2025-12-01,Omega,DF,81840.61,95789.71
2025-12-01,Omega,ES,32556.77,38105.82
2025-12-01,Omega,GO,36335.11,42528.15
2025-12-01,Omega,MA,418056.14,489310.61
2025-12-01,Omega,MT,19831.96,23212.16
2025-12-01,Omega,MS,85272.58,99806.63
2025-12-01,Omega,MG,20883.6,24443.04
2025-12-01,Omega,PA,132159.5,154685.07
2025-12-01,Omega,PB,212028.68,248167.35
2025-12-01,Omega,PR,108754.34,127290.69
2025-12-01,Omega,PE,59021.89,69081.72
2025-12-01,Omega,PI,194204.46,227305.12
2025-12-01,Omega,RJ,53086.57,62134.76
2025-12-01,Omega,RN,327114.76,382868.97
2025-12-01,Omega,RS,56539.62,66176.36
2025-12-01,Omega,RO,46731.98,54697.09
2025-12-01,Omega,RR,486556.97,569486.89
2025-12-01,Omega,SC,509918.77,596830.52
2025-12-01,Omega,SP,55982.93,65524.79
2025-12-01,Omega,SE,475745.56,556832.75
2025-12-01,Omega,TO,502661.58,588336.4
2025-12-01,Capa,AC,6954.929999999999,18080.01
2025-12-01,Capa,AL,21957.12,57079.62
2025-12-01,Capa,AP,63.84,165.96
2025-12-01,Capa,AM,5758.51,14969.81
2025-12-01,Capa,BA,4.54,11.79
2025-12-01,Capa,CE,7671.72,19943.37
2025-12-01,Capa,DF,567.9,1476.31
2025-12-01,Capa,ES,5671.85,14744.51
2025-12-01,Capa,GO,807.86,2100.11
2025-12-01,Capa,MA,1354.68,3521.63
2025-12-01,Capa,MT,1239.75,3222.84
2025-12-01,Capa,MS,1445.73,3758.33
2025-12-01,Capa,MG,7059.72,18352.42
2025-12-01,Capa,PA,1694.98,4406.25
2025-12-01,Capa,PB,2100.97,5461.67
2025-12-01,Capa,PR,193.6,503.29
2025-12-01,Capa,PE,2099.22,5457.12
2025-12-01,Capa,PI,972.57,2528.29
2025-12-01,Capa,RJ,1349.28,3507.59
2025-12-01,Capa,RN,4154.21,10799.25
2025-12-01,Capa,RS,1161.16,3018.55
2025-12-01,Capa,RO,1509.92,3925.19
2025-12-01,Capa,RR,3483.36,9055.32
2025-12-01,Capa,SC,1358.11,3530.53
2025-12-01,Capa,SP,3869.77,10059.83
2025-12-01,Capa,SE,667.81,1736.02
2025-12-01,Capa,TO,282.5,734.39
2025-12-01,Iota,AC,2185.97,4590.45
2025-12-01,Iota,AL,662.06,1390.28
2025-12-01,Iota,AP,13327.81,27987.68
2025-12-01,Iota,AM,2834.03,5951.32
2025-12-01,Iota,BA,1128.07,2368.88
2025-12-01,Iota,CE,13025.99,27353.89
2025-12-01,Iota,DF,1224.61,2571.62
2025-12-01,Iota,ES,28.6,60.05
2025-12-01,Iota,GO,1712.38,3595.9
2025-12-01,Iota,MA,3279.75,6887.3
2025-12-01,Iota,MT,891.58,1872.27
2025-12-01,Iota,MS,289.55,608.04
2025-12-01,Iota,MG,7630.63,16023.91
2025-12-01,Iota,PA,1433.11,3009.45
2025-12-01,Iota,PB,3469.88,7286.57
2025-12-01,Iota,PR,4927.95,10348.44
2025-12-01,Iota,PE,2244.56,4713.45
2025-12-01,Iota,PI,2017.9,4237.48
2025-12-01,Iota,RJ,1790.83,3760.65
2025-12-01,Iota,RN,7550.96,15856.62
2025-12-01,Iota,RS,1024.67,2151.76
2025-12-01,Iota,RO,3759.04,7893.77
2025-12-01,Iota,RR,2127.51,4467.65
2025-12-01,Iota,SC,309.06,649.0
2025-12-01,Iota,SP,3232.13,6787.29
2025-12-01,Iota,SE,4809.55,10099.8
2025-12-01,Iota,TO,1238.83,2601.48
2026-01-01,Alfa,AC,10628.26,9341.970000000001
2026-01-01,Alfa,AL,212493.86,186776.26
2026-01-01,Alfa,AP,242327.31,212999.05
2026-01-01,Alfa,AM,3118110.32,2740733.32
2026-01-01,Alfa,BA,464161.2,407984.94
2026-01-01,Alfa,CE,96054.61,84429.36
2026-01-01,Alfa,DF,258756.6,227439.94
2026-01-01,Alfa,ES,57232.45,50305.75
2026-01-01,Alfa,GO,958069.01,842116.35
2026-01-01,Alfa,MA,972087.07,854437.83
2026-01-01,Alfa,MT,708446.73,622705.22
2026-01-01,Alfa,MS,158210.36,139062.56
2026-01-01,Alfa,MG,24471.07,21509.4
2026-01-01,Alfa,PA,193983.77,170506.4
2026-01-01,Alfa,PB,1011097.56,888726.98
2026-01-01,Alfa,PR,878856.96,772491.12
2026-01-01,Alfa,PE,71349.35,62714.12
2026-01-01,Alfa,PI,457499.05,402129.1
2026-01-01,Alfa,RJ,256703.37,225635.21
2026-01-01,Alfa,RN,467509.04,410927.6
2026-01-01,Alfa,RS,484816.49,426140.38
2026-01-01,Alfa,RO,43126.91,37907.37
2026-01-01,Alfa,RR,218557.27,192105.84
2026-01-01,Alfa,SC,100790.95,88592.47
2026-01-01,Alfa,SP,329553.6,289668.56
2026-01-01,Alfa,SE,69654.1,61224.04
2026-01-01,Alfa,TO,160911.55,141436.83
2026-01-01,Beta,AC,229647.59,209386.19
2026-01-01,Beta,AL,685477.97,624999.45
2026-01-01,Beta,AP,4006.82,3653.3
2026-01-01,Beta,AM,952895.2,868822.93
2026-01-01,Beta,BA,309873.53,282533.93
2026-01-01,Beta,CE,405082.11,369342.43
2026-01-01,Beta,DF,57358.09,52297.48
2026-01-01,Beta,ES,386650.85,352537.32
2026-01-01,Beta,GO,214176.89,195280.43
2026-01-01,Beta,MA,61855.04,56397.68
2026-01-01,Beta,MT,412239.75,375868.56
2026-01-01,Beta,MS,63811.6,58181.61
2026-01-01,Beta,MG,67171.24,61244.84
2026-01-01,Beta,PA,1557503.08,1420087.31
2026-01-01,Beta,PB,307288.49,280176.97
2026-01-01,Beta,PR,697043.41,635544.49
2026-01-01,Beta,PE,29243.94,26663.8
2026-01-01,Beta,PI,216832.78,197702.0
2026-01-01,Beta,RJ,51189.55,46673.19
2026-01-01,Beta,RN,85878.28,78301.39
2026-01-01,Beta,RS,621436.61,566608.34
2026-01-01,Beta,RO,203164.04,185239.24
2026-01-01,Beta,RR,2300675.59,2097691.01
2026-01-01,Beta,SC,38783.13,35361.37
2026-01-01,Beta,SP,223654.78,203922.11
2026-01-01,Beta,SE,132064.13,120412.34
2026-01-01,Beta,TO,118575.12,108113.44
2026-01-01,Gamma,AC,132991.21,160732.11
2026-01-01,Gamma,AL,36168.54,43713.0
2026-01-01,Gamma,AP,152271.06,184033.57
2026-01-01,Gamma,AM,72589.13,87730.63
2026-01-01,Gamma,BA,142160.13,171813.58
2026-01-01,Gamma,CE,29918.69,36159.48
2026-01-01,Gamma,DF,350896.02,424090.09
2026-01-01,Gamma,ES,233298.77,281963.0
2026-01-01,Gamma,GO,119054.05,143887.76
2026-01-01,Gamma,MA,254187.69,307209.18
2026-01-01,Gamma,MT,110282.19,133286.17
2026-01-01,Gamma,MS,992.5,1199.52
2026-01-01,Gamma,MG,104687.23,126524.14
2026-01-01,Gamma,PA,72338.22,87427.38
2026-01-01,Gamma,PB,67853.13,82006.75
2026-01-01,Gamma,PR,178084.77,215231.81
2026-01-01,Gamma,PE,23579.18,28497.61
2026-01-01,Gamma,PI,378747.11,457750.69
2026-01-01,Gamma,RJ,175719.93,212373.69
2026-01-01,Gamma,RN,98019.26,118465.28
2026-01-01,Gamma,RS,59510.72,71924.18
2026-01-01,Gamma,RO,326545.17,394659.84
2026-01-01,Gamma,RR,51080.5,61735.48
2026-01-01,Gamma,SC,614595.6,742795.26
2026-01-01,Gamma,SP,131992.55,159525.13
2026-01-01,Gamma,SE,408226.8,493379.61
2026-01-01,Gamma,TO,47087.05,56909.03
2026-01-01,Delta,AC,477432.24,538431.62
2026-01-01,Delta,AL,40759.76,45967.45
2026-01-01,Delta,AP,433688.53,489098.99
2026-01-01,Delta,AM,270092.37,304600.87
2026-01-01,Delta,BA,7338.45,8276.05
2026-01-01,Delta,CE,659761.43,744056.22
2026-01-01,Delta,DF,52132.44,58793.17
2026-01-01,Delta,ES,16135.05,18196.56
2026-01-01,Delta,GO,18159.32,20479.46
2026-01-01,Delta,MA,34454.22,38856.28
2026-01-01,Delta,MT,441755.1,498196.19
2026-01-01,Delta,MS,239279.76,269851.47
2026-01-01,Delta,MG,237231.44,267541.45
2026-01-01,Delta,PA,1728.47,1949.31
2026-01-01,Delta,PB,172915.12,195007.72
2026-01-01,Delta,PR,363895.64,410388.97
2026-01-01,Delta,PE,134280.94,151437.42
2026-01-01,Delta,PI,65164.45,73490.22
2026-01-01,Delta,RJ,117607.17,132633.31
2026-01-01,Delta,RN,326098.82,367763.02
2026-01-01,Delta,RS,20995.83,23678.38
2026-01-01,Delta,RO,34877.01,39333.09
2026-01-01,Delta,RR,47892.69,54011.73
2026-01-01,Delta,SC,26301.21,29661.6
2026-01-01,Delta,SP,296515.84,334400.35
2026-01-01,Delta,SE,14417.87,16259.98
2026-01-01,Delta,TO,135367.75,152663.09
2026-01-01,Epsilon,AC,100938.03,107888.25
2026-01-01,Epsilon,AL,23250.57,24851.52
2026-01-01,Epsilon,AP,150500.16,160863.07
2026-01-01,Epsilon,AM,378416.03,404472.41
2026-01-01,Epsilon,BA,211084.34,225618.86
2026-01-01,Epsilon,CE,487120.89,520662.31
2026-01-01,Epsilon,DF,441143.76,471519.35
2026-01-01,Epsilon,ES,14944.79,15973.83
2026-01-01,Epsilon,GO,73583.44,78650.14
2026-01-01,Epsilon,MA,309099.68,330383.19
2026-01-01,Epsilon,MT,8432.52,9013.16
2026-01-01,Epsilon,MS,36945.87,39489.83
2026-01-01,Epsilon,MG,34734.03,37125.7
2026-01-01,Epsilon,PA,10237.58,10942.5
2026-01-01,Epsilon,PB,181128.75,193600.64
2026-01-01,Epsilon,PR,176172.55,188303.17
2026-01-01,Epsilon,PE,215351.65,230180.0
2026-01-01,Epsilon,PI,87686.86,93724.66
2026-01-01,Epsilon,RJ,82930.98,88641.31
2026-01-01,Epsilon,RN,378864.78,404952.07
2026-01-01,Epsilon,RS,11054.54,11815.71
2026-01-01,Epsilon,RO,115171.39,123101.69
2026-01-01,Epsilon,RR,104011.16,111173.0
2026-01-01,Epsilon,SC,421558.1,450585.09
2026-01-01,Epsilon,SP,384836.73,411335.22
2026-01-01,Epsilon,SE,48829.74,52191.98
2026-01-01,Epsilon,TO,456530.26,487965.31
2026-01-01,Omega,AC,202704.65,227269.98
2026-01-01,Omega,AL,415524.64,465881.11
2026-01-01,Omega,AP,147383.28,165244.32
2026-01-01,Omega,AM,168084.77,188454.57
2026-01-01,Omega,BA,481707.17,540084.15
2026-01-01,Omega,CE,116475.72,130591.15
2026-01-01,Omega,DF,253002.97,283663.82
2026-01-01,Omega,ES,301405.37,337931.99
2026-01-01,Omega,GO,33312.35,37349.39
2026-01-01,Omega,MA,41779.88,46843.09
2026-01-01,Omega,MT,100484.16,112661.6
2026-01-01,Omega,MS,178807.14,200476.36
2026-01-01,Omega,MG,264964.03,297074.41
2026-01-01,Omega,PA,8196.41,9189.72
2026-01-01,Omega,PB,287703.17,322569.25
2026-01-01,Omega,PR,272733.31,305785.23
2026-01-01,Omega,PE,213931.51,239857.37
2026-01-01,Omega,PI,36540.71,40968.99
2026-01-01,Omega,RJ,334919.19,375507.28
2026-01-01,Omega,RN,7216.96,8091.57
2026-01-01,Omega,RS,8048.46,9023.83
2026-01-01,Omega,RO,57311.82,64257.31
2026-01-01,Omega,RR,18529.36,20774.89
2026-01-01,Omega,SC,5857.0,6566.79
2026-01-01,Omega,SP,154387.46,173097.32
2026-01-01,Omega,SE,311669.86,349440.42
2026-01-01,Omega,TO,291091.37,326368.06
2026-01-01,Capa,AC,613.8000000000001,1546.13
2026-01-01,Capa,AL,532.31,1340.83
2026-01-01,Capa,AP,9616.52,24223.02
2026-01-01,Capa,AM,457.11,1151.41
2026-01-01,Capa,BA,14741.21,37131.6
2026-01-01,Capa,CE,7800.76,19649.31
2026-01-01,Capa,DF,1799.12,4531.81
2026-01-01,Capa,ES,1800.04,4534.11
2026-01-01,Capa,GO,744.49,1875.3
2026-01-01,Capa,MA,1922.86,4843.49
2026-01-01,Capa,MT,312.14,786.25
2026-01-01,Capa,MS,1999.55,5036.66
2026-01-01,Capa,MG,6129.06,15438.47
2026-01-01,Capa,PA,1846.69,4651.62
2026-01-01,Capa,PB,435.54,1097.09
2026-01-01,Capa,PR,1228.73,3095.05
2026-01-01,Capa,PE,3669.79,9243.82
2026-01-01,Capa,PI,928.94,2339.9
2026-01-01,Capa,RJ,1722.93,4339.87
2026-01-01,Capa,RN,770.24,1940.16
2026-01-01,Capa,RS,1364.31,3436.57
2026-01-01,Capa,RO,545.56,1374.22
2026-01-01,Capa,RR,7711.32,19424.03
2026-01-01,Capa,SC,2616.33,6590.26
2026-01-01,Capa,SP,1781.67,4487.85
2026-01-01,Capa,SE,11103.11,27967.6
2026-01-01,Capa,TO,5850.22,14736.12
2026-01-01,Iota,AC,5923.5,11220.71
2026-01-01,Iota,AL,4000.76,7578.54
2026-01-01,Iota,AP,6255.42,11849.49
2026-01-01,Iota,AM,1463.77,2772.78
2026-01-01,Iota,BA,2231.47,4227.02
2026-01-01,Iota,CE,6044.77,11450.46
2026-01-01,Iota,DF,5391.68,10213.33
2026-01-01,Iota,ES,2928.34,5547.08
2026-01-01,Iota,GO,5530.3,10475.91
2026-01-01,Iota,MA,341.3,646.52
2026-01-01,Iota,MT,3922.07,7429.48
2026-01-01,Iota,MS,30.27,57.34
2026-01-01,Iota,MG,278.96,528.43
2026-01-01,Iota,PA,159.84,302.78
2026-01-01,Iota,PB,9640.29,18261.37
2026-01-01,Iota,PR,6477.09,12269.39
2026-01-01,Iota,PE,3677.07,6965.38
2026-01-01,Iota,PI,2717.44,5147.58
2026-01-01,Iota,RJ,538.87,1020.76
2026-01-01,Iota,RN,457.05,865.78
2026-01-01,Iota,RS,4228.64,8010.21
2026-01-01,Iota,RO,6074.79,11507.32
2026-01-01,Iota,RR,5828.86,11041.47
2026-01-01,Iota,SC,12344.45,23383.79
2026-01-01,Iota,SP,2250.3,4262.68
2026-01-01,Iota,SE,582.51,1103.44
2026-01-01,Iota,TO,460.02,871.41
2026-02-01,Alfa,AC,54116.02,46934.61
2026-02-01,Alfa,AL,379255.0,328926.42
2026-02-01,Alfa,AP,1411341.62,1224051.22
2026-02-01,Alfa,AM,304181.29,263815.28
2026-02-01,Alfa,BA,61169.23,53051.84
2026-02-01,Alfa,CE,566970.11,491731.02
2026-02-01,Alfa,DF,79098.64,68601.95
2026-02-01,Alfa,ES,1015783.13,880984.85
2026-02-01,Alfa,GO,29012.82,25162.71
2026-02-01,Alfa,MA,346920.09,300882.48
2026-02-01,Alfa,MT,647472.39,561550.34
2026-02-01,Alfa,MS,80518.25,69833.18
2026-02-01,Alfa,MG,20141.95,17469.04
2026-02-01,Alfa,PA,326061.03,282791.49
2026-02-01,Alfa,PB,232810.57,201915.72
2026-02-01,Alfa,PR,139314.94,120827.31
2026-02-01,Alfa,PE,527913.33,457857.22
2026-02-01,Alfa,PI,598048.52,518685.21
2026-02-01,Alfa,RJ,1283304.89,1113005.45
2026-02-01,Alfa,RN,1979188.16,1716542.36
2026-02-01,Alfa,RS,300770.1,260856.76
2026-02-01,Alfa,RO,28441.31,24667.04
2026-02-01,Alfa,RR,121639.46,105497.44
2026-02-01,Alfa,SC,16054.24,13923.78
2026-02-01,Alfa,SP,258860.21,224508.48
2026-02-01,Alfa,SE,47711.95,41380.39
2026-02-01,Alfa,TO,1262980.5,1095378.19
2026-02-01,Beta,AC,884381.01,777675.37
2026-02-01,Beta,AL,145493.26,127938.66
2026-02-01,Beta,AP,249525.95,219419.21
2026-02-01,Beta,AM,929162.67,817053.86
2026-02-01,Beta,BA,16919.47,14878.04
2026-02-01,Beta,CE,101111.34,88911.67
2026-02-01,Beta,DF,359944.06,316514.74
2026-02-01,Beta,ES,557581.48,490306.07
2026-02-01,Beta,GO,366476.73,322259.21
2026-02-01,Beta,MA,420283.42,369573.81
2026-02-01,Beta,MT,681329.01,599122.75
2026-02-01,Beta,MS,21408.07,18825.06
2026-02-01,Beta,MG,229898.51,202159.93
2026-02-01,Beta,PA,347592.27,305653.26
2026-02-01,Beta,PB,652108.56,573427.92
2026-02-01,Beta,PR,346701.8,304870.23
2026-02-01,Beta,PE,289717.05,254761.02
2026-02-01,Beta,PI,189519.95,166653.28
2026-02-01,Beta,RJ,434727.75,382275.35
2026-02-01,Beta,RN,113211.36,99551.76
2026-02-01,Beta,RS,46289.74,40704.62
2026-02-01,Beta,RO,1271190.35,1117813.93
2026-02-01,Beta,RR,552101.43,485487.22
2026-02-01,Beta,SC,58071.72,51065.04
2026-02-01,Beta,SP,13457.6,11833.86
2026-02-01,Beta,SE,579273.47,509380.8
2026-02-01,Beta,TO,900252.6,791631.95
2026-02-01,Gamma,AC,8641.39,9888.59
2026-02-01,Gamma,AL,47011.24,53796.3
2026-02-01,Gamma,AP,13076.7,14964.04
2026-02-01,Gamma,AM,326796.94,373963.04
2026-02-01,Gamma,BA,37571.39,42994.01
2026-02-01,Gamma,CE,421738.5,482607.37
2026-02-01,Gamma,DF,310482.55,355294.01
2026-02-01,Gamma,ES,137338.1,157159.9
2026-02-01,Gamma,GO,133115.01,152327.3
2026-02-01,Gamma,MA,24168.94,27657.2
2026-02-01,Gamma,MT,67058.71,76737.19
2026-02-01,Gamma,MS,25424.21,29093.65
2026-02-01,Gamma,MG,409203.8,468263.55
2026-02-01,Gamma,PA,153733.26,175921.34
2026-02-01,Gamma,PB,19981.4,22865.28
2026-02-01,Gamma,PR,402594.47,460700.31
2026-02-01,Gamma,PE,15182.01,17373.2
2026-02-01,Gamma,PI,57785.73,66125.86
2026-02-01,Gamma,RJ,424035.7,485236.12
2026-02-01,Gamma,RN,219759.61,251477.17
2026-02-01,Gamma,RS,176806.91,202325.17
2026-02-01,Gamma,RO,471123.35,539119.86
2026-02-01,Gamma,RR,42054.24,48123.87
2026-02-01,Gamma,SC,78251.9,89545.87
2026-02-01,Gamma,SP,115896.25,132623.38
2026-02-01,Gamma,SE,422494.49,483472.46
2026-02-01,Gamma,TO,31249.65,35759.86
2026-02-01,Delta,AC,4479.81,5094.429999999999
2026-02-01,Delta,AL,45979.13,52287.54
2026-02-01,Delta,AP,40039.15,45532.58
2026-02-01,Delta,AM,97217.05,110555.38
2026-02-01,Delta,BA,87944.09,100010.16
2026-02-01,Delta,CE,621044.69,706252.99
2026-02-01,Delta,DF,76126.25,86570.89
2026-02-01,Delta,ES,156463.73,177930.8
2026-02-01,Delta,GO,5465.03,6214.84
2026-02-01,Delta,MA,226591.8,257680.55
2026-02-01,Delta,MT,85893.97,97678.76
2026-02-01,Delta,MS,73209.07,83253.47
2026-02-01,Delta,MG,22934.35,26080.98
2026-02-01,Delta,PA,443990.47,504906.65
2026-02-01,Delta,PB,154731.01,175960.35
2026-02-01,Delta,PR,49025.68,55752.08
2026-02-01,Delta,PE,5036.48,5727.5
2026-02-01,Delta,PI,277838.28,315958.12
2026-02-01,Delta,RJ,150460.31,171103.7
2026-02-01,Delta,RN,83482.65,94936.6
2026-02-01,Delta,RS,48486.93,55139.42
2026-02-01,Delta,RO,202698.55,230509.11
2026-02-01,Delta,RR,234851.16,267073.11
2026-02-01,Delta,SC,81748.52,92964.54
2026-02-01,Delta,SP,128480.17,146107.85
2026-02-01,Delta,SE,519476.29,590749.24
2026-02-01,Delta,TO,697663.71,793384.26
2026-02-01,Epsilon,AC,226020.33,250047.05
2026-02-01,Epsilon,AL,40981.59,45338.07
2026-02-01,Epsilon,AP,598977.94,662651.29
2026-02-01,Epsilon,AM,11990.76,13265.42
2026-02-01,Epsilon,BA,129480.26,143244.44
2026-02-01,Epsilon,CE,13887.29,15363.55
2026-02-01,Epsilon,DF,378979.46,419266.24
2026-02-01,Epsilon,ES,150995.68,167047.03
2026-02-01,Epsilon,GO,272140.72,301070.18
2026-02-01,Epsilon,MA,203033.46,224616.59
2026-02-01,Epsilon,MT,284947.48,315238.35
2026-02-01,Epsilon,MS,42744.28,47288.14
2026-02-01,Epsilon,MG,34958.09,38674.25
2026-02-01,Epsilon,PA,399420.56,441880.3
2026-02-01,Epsilon,PB,189727.36,209896.01
2026-02-01,Epsilon,PR,195638.46,216435.48
2026-02-01,Epsilon,PE,24768.93,27401.94
2026-02-01,Epsilon,PI,316960.92,350654.92
2026-02-01,Epsilon,RJ,279959.06,309719.64
2026-02-01,Epsilon,RN,8959.28,9911.68
2026-02-01,Epsilon,RS,34226.88,37865.31
2026-02-01,Epsilon,RO,263819.68,291864.6
2026-02-01,Epsilon,RR,24854.95,27497.11
2026-02-01,Epsilon,SC,102157.13,113016.78
2026-02-01,Epsilon,SP,47086.19,52091.61
2026-02-01,Epsilon,SE,231565.0,256181.13
2026-02-01,Epsilon,TO,242147.68,267888.79
2026-02-01,Omega,AC,251974.26,282125.10000000003
2026-02-01,Omega,AL,90390.58,101206.57
2026-02-01,Omega,AP,7671.34,8589.28
2026-02-01,Omega,AM,366054.61,409856.12
2026-02-01,Omega,BA,160384.97,179576.38
2026-02-01,Omega,CE,89280.94,99964.15
2026-02-01,Omega,DF,159485.13,178568.86
2026-02-01,Omega,ES,47203.6,52851.91
2026-02-01,Omega,GO,80123.55,89711.01
2026-02-01,Omega,MA,224664.25,251547.21
2026-02-01,Omega,MT,188505.55,211061.82
2026-02-01,Omega,MS,530232.39,593679.14
2026-02-01,Omega,MG,64605.05,72335.59
2026-02-01,Omega,PA,159146.65,178189.89
2026-02-01,Omega,PB,128952.07,144382.27
2026-02-01,Omega,PR,9145.73,10240.09
2026-02-01,Omega,PE,54258.51,60750.99
2026-02-01,Omega,PI,557958.5,624722.91
2026-02-01,Omega,RJ,95673.68,107121.84
2026-02-01,Omega,RN,19910.39,22292.84
2026-02-01,Omega,RS,119647.92,133964.79
2026-02-01,Omega,RO,252063.55,282225.07
2026-02-01,Omega,RR,378095.77,423338.1
2026-02-01,Omega,SC,195607.15,219013.18
2026-02-01,Omega,SP,60913.25,68202.03
2026-02-01,Omega,SE,210529.31,235720.91
2026-02-01,Omega,TO,191288.57,214177.85
2026-02-01,Capa,AC,3450.5099999999998,7911.73
2026-02-01,Capa,AL,2324.35,5329.55
2026-02-01,Capa,AP,680.44,1560.19
2026-02-01,Capa,AM,2614.27,5994.33
2026-02-01,Capa,BA,1052.77,2413.91
2026-02-01,Capa,CE,474.79,1088.66
2026-02-01,Capa,DF,7937.83,18200.87
2026-02-01,Capa,ES,1570.88,3601.92
2026-02-01,Capa,GO,5542.93,12709.54
2026-02-01,Capa,MA,5154.73,11819.41
2026-02-01,Capa,MT,1570.13,3600.2
2026-02-01,Capa,MS,1359.5,3117.24
2026-02-01,Capa,MG,4025.9,9231.1
2026-02-01,Capa,PA,70.24,161.05
2026-02-01,Capa,PB,4433.7,10166.14
2026-02-01,Capa,PR,952.41,2183.81
2026-02-01,Capa,PE,687.81,1577.1
2026-02-01,Capa,PI,836.31,1917.61
2026-02-01,Capa,RJ,6318.46,14487.78
2026-02-01,Capa,RN,7575.09,17369.14
2026-02-01,Capa,RS,1571.89,3604.23
2026-02-01,Capa,RO,3617.53,8294.74
2026-02-01,Capa,RR,18810.69,43131.55
2026-02-01,Capa,SC,605.44,1388.24
2026-02-01,Capa,SP,2666.17,6113.34
2026-02-01,Capa,SE,729.08,1671.73
2026-02-01,Capa,TO,9274.04,21264.71
2026-02-01,Iota,AC,273.63,578.81
2026-02-01,Iota,AL,2271.53,4804.89
2026-02-01,Iota,AP,485.59,1027.16
2026-02-01,Iota,AM,1683.57,3561.2
2026-02-01,Iota,BA,7327.97,15500.64
2026-02-01,Iota,CE,1881.84,3980.6
2026-02-01,Iota,DF,139.14,294.33
2026-02-01,Iota,ES,15494.53,32775.11
2026-02-01,Iota,GO,649.91,1374.74
2026-02-01,Iota,MA,3429.02,7253.3
2026-02-01,Iota,MT,3447.8,7293.04
2026-02-01,Iota,MS,2025.85,4285.21
2026-02-01,Iota,MG,45.67,96.6
2026-02-01,Iota,PA,2667.77,5643.05
2026-02-01,Iota,PB,1368.68,2895.12
2026-02-01,Iota,PR,5060.58,10704.49
2026-02-01,Iota,PE,230.7,488.0
2026-02-01,Iota,PI,6048.12,12793.4
2026-02-01,Iota,RJ,4843.58,10245.48
2026-02-01,Iota,RN,4941.17,10451.92
2026-02-01,Iota,RS,4960.2,10492.17
2026-02-01,Iota,RO,12360.61,26146.04
2026-02-01,Iota,RR,514.43,1088.16
2026-02-01,Iota,SC,356.45,753.99
2026-02-01,Iota,SP,342.86,725.23
2026-02-01,Iota,SE,3286.02,6950.82
2026-02-01,Iota,TO,498.61,1054.68
2026-03-01,Alfa,AC,399390.27,337602.04
2026-03-01,Alfa,AL,434739.37,367482.41
2026-03-01,Alfa,AP,59861.98,50600.95
2026-03-01,Alfa,AM,869842.42,735272.24
2026-03-01,Alfa,BA,228787.09,193392.26
2026-03-01,Alfa,CE,604029.26,510582.08
2026-03-01,Alfa,DF,612038.73,517352.43
2026-03-01,Alfa,ES,95840.05,81012.98
2026-03-01,Alfa,GO,1211926.25,1024433.51
2026-03-01,Alfa,MA,166606.55,140831.46
2026-03-01,Alfa,MT,1749231.32,1478614.06
2026-03-01,Alfa,MS,50845.86,42979.68
2026-03-01,Alfa,MG,8002.76,6764.68
2026-03-01,Alfa,PA,103293.06,87312.96
2026-03-01,Alfa,PB,328940.59,278051.38
2026-03-01,Alfa,PR,405100.68,342429.02
2026-03-01,Alfa,PE,565670.44,478157.61
2026-03-01,Alfa,PI,481321.16,406857.7
2026-03-01,Alfa,RJ,205294.07,173533.77
2026-03-01,Alfa,RN,667921.94,564590.15
2026-03-01,Alfa,RS,37286.25,31517.83
2026-03-01,Alfa,RO,18083.54,15285.9
2026-03-01,Alfa,RR,72997.24,61704.1
2026-03-01,Alfa,SC,74717.01,63157.81
2026-03-01,Alfa,SP,263877.19,223053.7
2026-03-01,Alfa,SE,498606.54,421468.92
2026-03-01,Alfa,TO,2062992.95,1743834.76
2026-03-01,Beta,AC,334618.23,308055.74
2026-03-01,Beta,AL,57590.23,53018.63
2026-03-01,Beta,AP,19688.55,18125.65
2026-03-01,Beta,AM,10971.63,10100.69
2026-03-01,Beta,BA,479762.95,441678.65
2026-03-01,Beta,CE,1460169.38,1344258.94
2026-03-01,Beta,DF,1002989.07,923370.3
2026-03-01,Beta,ES,212006.1,195176.74
2026-03-01,Beta,GO,16900.61,15559.02
2026-03-01,Beta,MA,68005.62,62607.23
2026-03-01,Beta,MT,589480.42,542686.58
2026-03-01,Beta,MS,91892.68,84598.1
2026-03-01,Beta,MG,325231.59,299414.22
2026-03-01,Beta,PA,134062.56,123420.47
2026-03-01,Beta,PB,264278.39,243299.57
2026-03-01,Beta,PR,604564.61,556573.36
2026-03-01,Beta,PE,215594.98,198480.72
2026-03-01,Beta,PI,1814427.42,1670395.45
2026-03-01,Beta,RJ,171085.5,157504.48
2026-03-01,Beta,RN,164902.27,151812.08
2026-03-01,Beta,RS,247522.91,227874.17
2026-03-01,Beta,RO,22032.32,20283.36
2026-03-01,Beta,RR,606350.5,558217.49
2026-03-01,Beta,SC,177043.57,162989.59
2026-03-01,Beta,SP,442415.57,407295.96
2026-03-01,Beta,SE,285197.06,262557.69
2026-03-01,Beta,TO,326665.05,300733.89
2026-03-01,Gamma,AC,63938.920000000006,74520.37999999999
2026-03-01,Gamma,AL,354085.86,412684.69
2026-03-01,Gamma,AP,163.66,190.75
2026-03-01,Gamma,AM,16602.05,19349.58
2026-03-01,Gamma,BA,294466.45,343198.67
2026-03-01,Gamma,CE,604596.19,704652.8
2026-03-01,Gamma,DF,63753.58,74304.37
2026-03-01,Gamma,ES,34123.69,39770.94
2026-03-01,Gamma,GO,146493.09,170736.72
2026-03-01,Gamma,MA,32295.25,37639.89
2026-03-01,Gamma,MT,5683.35,6623.91
2026-03-01,Gamma,MS,149511.05,174254.12
2026-03-01,Gamma,MG,23708.48,27632.07
2026-03-01,Gamma,PA,207237.55,241533.97
2026-03-01,Gamma,PB,100901.47,117599.98
2026-03-01,Gamma,PR,585980.74,682956.61
2026-03-01,Gamma,PE,182900.74,213169.58
2026-03-01,Gamma,PI,272248.95,317304.32
2026-03-01,Gamma,RJ,139150.47,162178.94
2026-03-01,Gamma,RN,230740.74,268926.78
2026-03-01,Gamma,RS,366939.27,427665.25
2026-03-01,Gamma,RO,149735.95,174516.25
2026-03-01,Gamma,RR,149059.94,173728.36
2026-03-01,Gamma,SC,38925.72,45367.67
2026-03-01,Gamma,SP,5730.48,6678.84
2026-03-01,Gamma,SE,71175.11,82954.11
2026-03-01,Gamma,TO,161990.35,188798.66
2026-03-01,Delta,AC,86711.16,97230.26000000001
2026-03-01,Delta,AL,359436.31,403040.3
2026-03-01,Delta,AP,126006.31,141292.41
2026-03-01,Delta,AM,227290.65,254863.76
2026-03-01,Delta,BA,726957.62,815146.4
2026-03-01,Delta,CE,302730.06,339454.89
2026-03-01,Delta,DF,384692.83,431360.74
2026-03-01,Delta,ES,68750.14,77090.37
2026-03-01,Delta,GO,22565.15,25302.57
2026-03-01,Delta,MA,55768.84,62534.28
2026-03-01,Delta,MT,10934.76,12261.28
2026-03-01,Delta,MS,15841.27,17763.0
2026-03-01,Delta,MG,2900.15,3251.98
2026-03-01,Delta,PA,188.93,211.85
2026-03-01,Delta,PB,298388.71,334586.89
2026-03-01,Delta,PR,448794.29,503238.48
2026-03-01,Delta,PE,144195.41,161688.06
2026-03-01,Delta,PI,110956.78,124417.18
2026-03-01,Delta,RJ,87156.03,97729.12
2026-03-01,Delta,RN,469034.99,525934.62
2026-03-01,Delta,RS,50024.65,56093.25
2026-03-01,Delta,RO,195980.83,219755.69
2026-03-01,Delta,RR,35288.58,39569.52
2026-03-01,Delta,SC,36067.31,40442.72
2026-03-01,Delta,SP,158330.9,177538.36
2026-03-01,Delta,SE,186670.57,209315.97
2026-03-01,Delta,TO,15895.89,17824.26
2026-03-01,Epsilon,AC,214815.40000000002,250125.43
2026-03-01,Epsilon,AL,46098.72,53676.14
2026-03-01,Epsilon,AP,544723.2,634261.38
2026-03-01,Epsilon,AM,144435.12,168176.46
2026-03-01,Epsilon,BA,89790.63,104549.85
2026-03-01,Epsilon,CE,87754.72,102179.29
2026-03-01,Epsilon,DF,90973.1,105926.69
2026-03-01,Epsilon,ES,10642.31,12391.63
2026-03-01,Epsilon,GO,297163.64,346009.54
2026-03-01,Epsilon,MA,629894.42,733432.51
2026-03-01,Epsilon,MT,457425.65,532614.42
2026-03-01,Epsilon,MS,98087.3,114210.27
2026-03-01,Epsilon,MG,268525.83,312664.42
2026-03-01,Epsilon,PA,87436.15,101808.35
2026-03-01,Epsilon,PB,33910.99,39485.06
2026-03-01,Epsilon,PR,97124.4,113089.1
2026-03-01,Epsilon,PE,99580.89,115949.37
2026-03-01,Epsilon,PI,41767.85,48633.39
2026-03-01,Epsilon,RJ,106852.16,124415.84
2026-03-01,Epsilon,RN,127597.71,148571.42
2026-03-01,Epsilon,RS,62770.46,73088.27
2026-03-01,Epsilon,RO,11649.48,13564.35
2026-03-01,Epsilon,RR,53680.4,62504.05
2026-03-01,Epsilon,SC,436830.17,508633.58
2026-03-01,Epsilon,SP,173463.62,201976.48
2026-03-01,Epsilon,SE,80317.44,93519.52
2026-03-01,Epsilon,TO,63108.09,73481.4
2026-03-01,Omega,AC,43171.479999999996,48846.51
2026-03-01,Omega,AL,52521.33,59425.44
2026-03-01,Omega,AP,379858.54,429792.21
2026-03-01,Omega,AM,122893.71,139048.5
2026-03-01,Omega,BA,36404.63,41190.14
2026-03-01,Omega,CE,5839.37,6606.97
2026-03-01,Omega,DF,723896.17,819054.74
2026-03-01,Omega,ES,444.38,502.79
2026-03-01,Omega,GO,155700.71,176168.09
2026-03-01,Omega,MA,218518.31,247243.27
2026-03-01,Omega,MT,167148.47,189120.7
2026-03-01,Omega,MS,101158.66,114456.3
2026-03-01,Omega,MG,396866.74,449036.2
2026-03-01,Omega,PA,441110.26,499095.68
2026-03-01,Omega,PB,106275.1,120245.31
2026-03-01,Omega,PR,146546.95,165811.04
2026-03-01,Omega,PE,148186.65,167666.28
2026-03-01,Omega,PI,229623.94,259808.77
2026-03-01,Omega,RJ,45212.21,51155.51
2026-03-01,Omega,RN,13494.44,15268.33
2026-03-01,Omega,RS,111271.21,125898.18
2026-03-01,Omega,RO,22673.17,25653.63
2026-03-01,Omega,RR,129655.48,146699.13
2026-03-01,Omega,SC,324185.37,366800.62
2026-03-01,Omega,SP,125051.51,141489.95
2026-03-01,Omega,SE,154800.85,175149.94
2026-03-01,Omega,TO,183572.73,207703.98
2026-03-01,Capa,AC,2822.42,7073.83
2026-03-01,Capa,AL,1847.77,4631.07
2026-03-01,Capa,AP,1774.29,4446.93
2026-03-01,Capa,AM,689.06,1726.99
2026-03-01,Capa,BA,1820.25,4562.09
2026-03-01,Capa,CE,4730.05,11854.94
2026-03-01,Capa,DF,1663.71,4169.76
2026-03-01,Capa,ES,1450.21,3634.67
2026-03-01,Capa,GO,2645.66,6630.83
2026-03-01,Capa,MA,591.09,1481.45
2026-03-01,Capa,MT,295.78,741.33
2026-03-01,Capa,MS,4152.12,10406.49
2026-03-01,Capa,MG,1090.53,2733.2
2026-03-01,Capa,PA,970.17,2431.55
2026-03-01,Capa,PB,6583.8,16501.03
2026-03-01,Capa,PR,7716.58,19340.11
2026-03-01,Capa,PE,2241.87,5618.81
2026-03-01,Capa,PI,3170.59,7946.48
2026-03-01,Capa,RJ,10795.02,27055.63
2026-03-01,Capa,RN,1627.5,4079.02
2026-03-01,Capa,RS,6314.76,15826.71
2026-03-01,Capa,RO,4206.87,10543.71
2026-03-01,Capa,RR,9572.1,23990.61
2026-03-01,Capa,SC,818.26,2050.81
2026-03-01,Capa,SP,5222.8,13089.95
2026-03-01,Capa,SE,549.27,1376.63
2026-03-01,Capa,TO,5208.43,13053.92
2026-03-01,Iota,AC,250.54000000000002,532.22
2026-03-01,Iota,AL,7660.65,16272.93
2026-03-01,Iota,AP,230.79,490.25
2026-03-01,Iota,AM,8112.12,17231.94
2026-03-01,Iota,BA,929.55,1974.57
2026-03-01,Iota,CE,3612.35,7673.44
2026-03-01,Iota,DF,142.9,303.55
2026-03-01,Iota,ES,339.01,720.13
2026-03-01,Iota,GO,1279.86,2718.7
2026-03-01,Iota,MA,1947.55,4137.02
2026-03-01,Iota,MT,837.71,1779.48
2026-03-01,Iota,MS,519.37,1103.25
2026-03-01,Iota,MG,665.72,1414.14
2026-03-01,Iota,PA,2898.69,6157.46
2026-03-01,Iota,PB,258.9,549.96
2026-03-01,Iota,PR,10477.62,22256.79
2026-03-01,Iota,PE,10728.29,22789.27
2026-03-01,Iota,PI,286.02,607.58
2026-03-01,Iota,RJ,5349.31,11363.13
2026-03-01,Iota,RN,4986.91,10593.32
2026-03-01,Iota,RS,3504.49,7444.32
2026-03-01,Iota,RO,1239.45,2632.86
2026-03-01,Iota,RR,3519.33,7475.84
2026-03-01,Iota,SC,8308.12,17648.3
2026-03-01,Iota,SP,1488.08,3161.02
2026-03-01,Iota,SE,6785.04,14412.93
2026-03-01,Iota,TO,2693.24,5721.05
2026-04-01,Alfa,AC,514006.08999999997,443891.98
2026-04-01,Alfa,AL,893938.16,771998.53
2026-04-01,Alfa,AP,167244.21,144430.89
2026-04-01,Alfa,AM,333034.48,287606.17
2026-04-01,Alfa,BA,1045957.37,903281.22
2026-04-01,Alfa,CE,1643734.08,1419516.87
2026-04-01,Alfa,DF,244579.72,211217.28
2026-04-01,Alfa,ES,846499.61,731030.94
2026-04-01,Alfa,GO,134980.58,116568.26
2026-04-01,Alfa,MA,151957.46,131229.36
2026-04-01,Alfa,MT,818373.59,706741.52
2026-04-01,Alfa,MS,294057.74,253946.14
2026-04-01,Alfa,MG,528370.36,456296.82
2026-04-01,Alfa,PA,136787.15,118128.39
2026-04-01,Alfa,PB,485085.74,418916.54
2026-04-01,Alfa,PR,568550.17,490995.82
2026-04-01,Alfa,PE,146179.22,126239.32
2026-04-01,Alfa,PI,213267.13,184175.95
2026-04-01,Alfa,RJ,120731.19,104262.58
2026-04-01,Alfa,RN,646637.55,558431.52
2026-04-01,Alfa,RS,357120.86,308406.99
2026-04-01,Alfa,RO,54018.06,46649.6
2026-04-01,Alfa,RR,923624.82,797635.72
2026-04-01,Alfa,SC,315106.91,272124.05
2026-04-01,Alfa,SP,148403.36,128160.07
2026-04-01,Alfa,SE,293004.1,253036.22
2026-04-01,Alfa,TO,71872.05,62068.18
2026-04-01,Beta,AC,492334.44,444836.56
2026-04-01,Beta,AL,94376.87,85271.88
2026-04-01,Beta,AP,989372.11,893922.64
2026-04-01,Beta,AM,68355.51,61760.93
2026-04-01,Beta,BA,566229.83,511602.92
2026-04-01,Beta,CE,575382.27,519872.38
2026-04-01,Beta,DF,323021.57,291858.13
2026-04-01,Beta,ES,65291.89,58992.87
2026-04-01,Beta,GO,119427.87,107906.09
2026-04-01,Beta,MA,188505.24,170319.24
2026-04-01,Beta,MT,385400.25,348218.84
2026-04-01,Beta,MS,1017150.94,919021.51
2026-04-01,Beta,MG,290978.18,262906.12
2026-04-01,Beta,PA,306346.4,276791.69
2026-04-01,Beta,PB,395411.47,357264.23
2026-04-01,Beta,PR,156054.14,140998.85
2026-04-01,Beta,PE,65255.76,58960.22
2026-04-01,Beta,PI,602220.81,544121.68
2026-04-01,Beta,RJ,1065109.76,962353.51
2026-04-01,Beta,RN,441929.21,399294.18
2026-04-01,Beta,RS,84465.19,76316.43
2026-04-01,Beta,RO,264662.06,239128.84
2026-04-01,Beta,RR,302175.3,273023.0
2026-04-01,Beta,SC,143475.41,129633.65
2026-04-01,Beta,SP,289726.53,261775.22
2026-04-01,Beta,SE,933116.45,843094.23
2026-04-01,Beta,TO,180451.4,163042.39
2026-04-01,Gamma,AC,232175.06,257023.77000000002
2026-04-01,Gamma,AL,141628.63,156786.56
2026-04-01,Gamma,AP,372960.06,412876.42
2026-04-01,Gamma,AM,108650.58,120279.0
2026-04-01,Gamma,BA,206169.96,228235.47
2026-04-01,Gamma,CE,314299.16,347937.29
2026-04-01,Gamma,DF,54438.7,60265.05
2026-04-01,Gamma,ES,149728.14,165752.92
2026-04-01,Gamma,GO,132120.9,146261.24
2026-04-01,Gamma,MA,119491.3,132279.96
2026-04-01,Gamma,MT,102111.35,113039.9
2026-04-01,Gamma,MS,39650.68,43894.33
2026-04-01,Gamma,MG,250402.49,277202.02
2026-04-01,Gamma,PA,23206.79,25690.51
2026-04-01,Gamma,PB,450962.12,499226.72
2026-04-01,Gamma,PR,86734.8,96017.67
2026-04-01,Gamma,PE,73778.11,81674.28
2026-04-01,Gamma,PI,83119.79,92015.76
2026-04-01,Gamma,RJ,511984.12,566779.65
2026-04-01,Gamma,RN,89203.95,98751.08
2026-04-01,Gamma,RS,170607.07,188866.43
2026-04-01,Gamma,RO,25981.27,28761.93
2026-04-01,Gamma,RR,390510.74,432305.48
2026-04-01,Gamma,SC,462453.26,511947.71
2026-04-01,Gamma,SP,8331.95,9223.68
2026-04-01,Gamma,SE,77936.75,86278.0
2026-04-01,Gamma,TO,39855.1,44120.63
2026-04-01,Delta,AC,44564.03999999999,47848.4
2026-04-01,Delta,AL,244344.68,262352.88
2026-04-01,Delta,AP,281158.56,301879.94
2026-04-01,Delta,AM,476800.9,511941.12
2026-04-01,Delta,BA,82547.54,88631.29
2026-04-01,Delta,CE,22288.29,23930.94
2026-04-01,Delta,DF,15016.64,16123.37
2026-04-01,Delta,ES,166179.15,178426.55
2026-04-01,Delta,GO,214190.11,229975.92
2026-04-01,Delta,MA,91450.13,98190.0
2026-04-01,Delta,MT,181156.78,194508.04
2026-04-01,Delta,MS,141775.38,152224.23
2026-04-01,Delta,MG,102945.36,110532.43
2026-04-01,Delta,PA,201836.16,216711.48
2026-04-01,Delta,PB,22094.56,23722.93
2026-04-01,Delta,PR,35027.73,37609.27
2026-04-01,Delta,PE,217797.62,233849.31
2026-04-01,Delta,PI,745833.66,800801.59
2026-04-01,Delta,RJ,187339.01,201145.89
2026-04-01,Delta,RN,102880.33,110462.61
2026-04-01,Delta,RS,264129.91,283596.28
2026-04-01,Delta,RO,776275.17,833486.64
2026-04-01,Delta,RR,71250.49,76501.65
2026-04-01,Delta,SC,71512.37,76782.83
2026-04-01,Delta,SP,1050.51,1127.93
2026-04-01,Delta,SE,85292.31,91578.35
2026-04-01,Delta,TO,18209.54,19551.59
2026-04-01,Epsilon,AC,498894.1,549058.04
2026-04-01,Epsilon,AL,24462.21,26921.89
2026-04-01,Epsilon,AP,682669.83,751312.45
2026-04-01,Epsilon,AM,120118.47,132196.41
2026-04-01,Epsilon,BA,3340.31,3676.18
2026-04-01,Epsilon,CE,444364.69,489045.66
2026-04-01,Epsilon,DF,78233.41,86099.8
2026-04-01,Epsilon,ES,295304.24,324997.16
2026-04-01,Epsilon,GO,74950.55,82486.84
2026-04-01,Epsilon,MA,43998.14,48422.17
2026-04-01,Epsilon,MT,137251.22,151051.86
2026-04-01,Epsilon,MS,27394.1,30148.58
2026-04-01,Epsilon,MG,239884.45,264004.89
2026-04-01,Epsilon,PA,285443.67,314145.1
2026-04-01,Epsilon,PB,40604.58,44687.38
2026-04-01,Epsilon,PR,224986.21,247608.63
2026-04-01,Epsilon,PE,198407.22,218357.11
2026-04-01,Epsilon,PI,519049.54,571240.1
2026-04-01,Epsilon,RJ,17729.77,19512.51
2026-04-01,Epsilon,RN,31794.81,34991.78
2026-04-01,Epsilon,RS,75884.31,83514.5
2026-04-01,Epsilon,RO,35852.36,39457.33
2026-04-01,Epsilon,RR,84942.84,93483.87
2026-04-01,Epsilon,SC,14228.32,15658.98
2026-04-01,Epsilon,SP,246380.37,271153.97
2026-04-01,Epsilon,SE,195913.48,215612.63
2026-04-01,Epsilon,TO,104173.02,114647.64
2026-04-01,Omega,AC,777982.26,829848.65
2026-04-01,Omega,AL,80356.93,85714.15
2026-04-01,Omega,AP,414953.83,442617.89
2026-04-01,Omega,AM,86897.46,92690.72
2026-04-01,Omega,BA,252294.76,269114.7
2026-04-01,Omega,CE,266683.9,284463.14
2026-04-01,Omega,DF,65437.63,69800.22
2026-04-01,Omega,ES,162758.05,173608.77
2026-04-01,Omega,GO,72980.67,77846.13
2026-04-01,Omega,MA,218301.91,232855.62
2026-04-01,Omega,MT,78855.98,84113.14
2026-04-01,Omega,MS,24158.97,25769.6
2026-04-01,Omega,MG,268405.54,286299.55
2026-04-01,Omega,PA,219347.29,233970.69
2026-04-01,Omega,PB,257779.95,274965.58
2026-04-01,Omega,PR,195433.88,208463.03
2026-04-01,Omega,PE,259346.71,276636.78
2026-04-01,Omega,PI,36264.69,38682.38
2026-04-01,Omega,RJ,227640.79,242817.1
2026-04-01,Omega,RN,39232.07,41847.58
2026-04-01,Omega,RS,149510.41,159477.94
2026-04-01,Omega,RO,155705.83,166086.39
2026-04-01,Omega,RR,63928.4,68190.37
2026-04-01,Omega,SC,159639.25,170282.05
2026-04-01,Omega,SP,226440.94,241537.26
2026-04-01,Omega,SE,115892.98,123619.31
2026-04-01,Omega,TO,20788.78,22174.72
2026-04-01,Capa,AC,4118.96,9717.18
2026-04-01,Capa,AL,1704.44,4021.0
2026-04-01,Capa,AP,1316.42,3105.61
2026-04-01,Capa,AM,6465.07,15251.97
2026-04-01,Capa,BA,1469.28,3466.23
2026-04-01,Capa,CE,9487.98,22383.41
2026-04-01,Capa,DF,3198.52,7545.75
2026-04-01,Capa,ES,5623.05,13265.52
2026-04-01,Capa,GO,1560.55,3681.55
2026-04-01,Capa,MA,4792.84,11306.95
2026-04-01,Capa,MT,892.16,2104.72
2026-04-01,Capa,MS,1031.37,2433.14
2026-04-01,Capa,MG,3576.65,8437.8
2026-04-01,Capa,PA,376.74,888.78
2026-04-01,Capa,PB,1246.81,2941.39
2026-04-01,Capa,PR,3136.7,7399.91
2026-04-01,Capa,PE,7755.74,18296.83
2026-04-01,Capa,PI,765.86,1806.77
2026-04-01,Capa,RJ,5002.36,11801.25
2026-04-01,Capa,RN,1986.23,4685.77
2026-04-01,Capa,RS,12039.15,28401.97
2026-04-01,Capa,RO,5994.71,14142.33
2026-04-01,Capa,RR,2345.69,5533.79
2026-04-01,Capa,SC,4245.62,10015.98
2026-04-01,Capa,SP,103.02,243.05
2026-04-01,Capa,SE,5384.41,12702.55
2026-04-01,Capa,TO,982.75,2318.44
2026-04-01,Iota,AC,3665.1299999999997,6667.3
2026-04-01,Iota,AL,1802.13,3278.27
2026-04-01,Iota,AP,11053.29,20107.16
2026-04-01,Iota,AM,94.44,171.8
2026-04-01,Iota,BA,2315.31,4211.8
2026-04-01,Iota,CE,1710.87,3112.25
2026-04-01,Iota,DF,1192.13,2168.62
2026-04-01,Iota,ES,3872.04,7043.67
2026-04-01,Iota,GO,3869.51,7039.07
2026-04-01,Iota,MA,3390.96,6168.53
2026-04-01,Iota,MT,4632.82,8427.61
2026-04-01,Iota,MS,1371.71,2495.29
2026-04-01,Iota,MG,13137.74,23898.99
2026-04-01,Iota,PA,268.97,489.29
2026-04-01,Iota,PB,10946.0,19911.98
2026-04-01,Iota,PR,298.8,543.55
2026-04-01,Iota,PE,1771.35,3222.28
2026-04-01,Iota,PI,2784.22,5064.81
2026-04-01,Iota,RJ,923.8,1680.49
2026-04-01,Iota,RN,2451.34,4459.25
2026-04-01,Iota,RS,2193.16,3989.59
2026-04-01,Iota,RO,5117.88,9309.98
2026-04-01,Iota,RR,1986.85,3614.31
2026-04-01,Iota,SC,2607.96,4744.17
2026-04-01,Iota,SP,1617.7,2942.78
2026-04-01,Iota,SE,18277.57,33248.91
2026-04-01,Iota,TO,1047.0,1904.61
2026-05-01,Alfa,AC,290399.58,242941.84
2026-05-01,Alfa,AL,15883.63,13287.89
2026-05-01,Alfa,AP,534550.79,447193.27
2026-05-01,Alfa,AM,388519.94,325027.11
2026-05-01,Alfa,BA,11488.41,9610.95
2026-05-01,Alfa,CE,524748.08,438992.54
2026-05-01,Alfa,DF,191232.85,159981.14
2026-05-01,Alfa,ES,811262.67,678684.26
2026-05-01,Alfa,GO,27816.45,23270.62
2026-05-01,Alfa,MA,349954.96,292764.51
2026-05-01,Alfa,MT,200504.54,167737.62
2026-05-01,Alfa,MS,38344.29,32077.98
2026-05-01,Alfa,MG,1327231.31,1110332.11
2026-05-01,Alfa,PA,394388.29,329936.45
2026-05-01,Alfa,PB,281610.8,235589.31
2026-05-01,Alfa,PR,961657.72,804501.4
2026-05-01,Alfa,PE,372870.39,311935.05
2026-05-01,Alfa,PI,658170.36,550610.64
2026-05-01,Alfa,RJ,390070.56,326324.33
2026-05-01,Alfa,RN,342205.22,286281.25
2026-05-01,Alfa,RS,676886.15,566267.85
2026-05-01,Alfa,RO,20438.78,17098.63
2026-05-01,Alfa,RR,380507.18,318323.82
2026-05-01,Alfa,SC,1947045.85,1628855.13
2026-05-01,Alfa,SP,87320.15,73050.09
2026-05-01,Alfa,SE,1076962.49,900962.8
2026-05-01,Alfa,TO,166577.5,139355.02
2026-05-01,Beta,AC,70480.76,59933.57
2026-05-01,Beta,AL,201350.61,171219.25
2026-05-01,Beta,AP,368066.68,312986.89
2026-05-01,Beta,AM,1636919.47,1391960.65
2026-05-01,Beta,BA,122387.16,104072.38
2026-05-01,Beta,CE,594442.56,505486.47
2026-05-01,Beta,DF,193051.64,164162.19
2026-05-01,Beta,ES,673826.04,572990.52
2026-05-01,Beta,GO,436307.88,371016.05
2026-05-01,Beta,MA,35729.85,30383.01
2026-05-01,Beta,MT,324097.15,275597.24
2026-05-01,Beta,MS,64445.3,54801.31
2026-05-01,Beta,MG,141410.57,120249.01
2026-05-01,Beta,PA,353472.29,300576.49
2026-05-01,Beta,PB,88934.13,75625.48
2026-05-01,Beta,PR,1120895.28,953157.53
2026-05-01,Beta,PE,246634.22,209726.34
2026-05-01,Beta,PI,314237.65,267213.17
2026-05-01,Beta,RJ,329760.01,280412.67
2026-05-01,Beta,RN,206919.27,175954.58
2026-05-01,Beta,RS,183417.16,155969.47
2026-05-01,Beta,RO,415328.87,353176.47
2026-05-01,Beta,RR,823419.22,700197.64
2026-05-01,Beta,SC,573844.27,487970.64
2026-05-01,Beta,SP,85199.83,72450.0
2026-05-01,Beta,SE,922228.51,784220.49
2026-05-01,Beta,TO,513180.2,436384.72
2026-05-01,Gamma,AC,95283.77,103220.34
2026-05-01,Gamma,AL,496122.91,537447.01
2026-05-01,Gamma,AP,51399.49,55680.77
2026-05-01,Gamma,AM,361416.68,391520.55
2026-05-01,Gamma,BA,137274.18,148708.31
2026-05-01,Gamma,CE,1105.44,1197.51
2026-05-01,Gamma,DF,598312.5,648148.39
2026-05-01,Gamma,ES,509411.83,551842.83
2026-05-01,Gamma,GO,52297.57,56653.65
2026-05-01,Gamma,MA,82343.51,89202.24
2026-05-01,Gamma,MT,321374.78,348143.4
2026-05-01,Gamma,MS,318430.09,344953.43
2026-05-01,Gamma,MG,292330.71,316680.12
2026-05-01,Gamma,PA,16764.33,18160.7
2026-05-01,Gamma,PB,50196.41,54377.47
2026-05-01,Gamma,PR,29286.78,31726.2
2026-05-01,Gamma,PE,159115.24,172368.6
2026-05-01,Gamma,PI,5645.59,6115.84
2026-05-01,Gamma,RJ,29126.46,31552.52
2026-05-01,Gamma,RN,198978.58,215552.31
2026-05-01,Gamma,RS,34979.11,37892.66
2026-05-01,Gamma,RO,287067.54,310978.57
2026-05-01,Gamma,RR,25118.87,27211.13
2026-05-01,Gamma,SC,535962.51,580605.01
2026-05-01,Gamma,SP,57896.11,62718.51
2026-05-01,Gamma,SE,66120.3,71627.73
2026-05-01,Gamma,TO,1117.87,1210.99
2026-05-01,Delta,AC,112104.81,123561.29000000001
2026-05-01,Delta,AL,796391.17,877778.1
2026-05-01,Delta,AP,23789.86,26221.05
2026-05-01,Delta,AM,345206.2,380484.44
2026-05-01,Delta,BA,36800.88,40561.74
2026-05-01,Delta,CE,175930.57,193909.74
2026-05-01,Delta,DF,67856.9,74791.52
2026-05-01,Delta,ES,122244.34,134737.06
2026-05-01,Delta,GO,25642.15,28262.64
2026-05-01,Delta,MA,191485.19,211053.95
2026-05-01,Delta,MT,95072.46,104788.36
2026-05-01,Delta,MS,697.37,768.64
2026-05-01,Delta,MG,59769.18,65877.28
2026-05-01,Delta,PA,693.51,764.39
2026-05-01,Delta,PB,31060.58,34234.8
2026-05-01,Delta,PR,311342.1,343159.6
2026-05-01,Delta,PE,72712.79,80143.65
2026-05-01,Delta,PI,238191.95,262533.9
2026-05-01,Delta,RJ,260829.81,287485.23
2026-05-01,Delta,RN,4201.3,4630.65
2026-05-01,Delta,RS,496292.17,547010.58
2026-05-01,Delta,RO,87734.79,96700.82
2026-05-01,Delta,RR,281714.71,310504.44
2026-05-01,Delta,SC,86893.56,95773.62
2026-05-01,Delta,SP,76615.47,84445.16
2026-05-01,Delta,SE,257082.87,283355.37
2026-05-01,Delta,TO,473563.15,521958.77
2026-05-01,Epsilon,AC,4120.62,4803.13
2026-05-01,Epsilon,AL,119236.31,138985.44
2026-05-01,Epsilon,AP,58970.28,68737.54
2026-05-01,Epsilon,AM,134995.22,157354.5
2026-05-01,Epsilon,BA,91546.08,106708.87
2026-05-01,Epsilon,CE,45983.39,53599.62
2026-05-01,Epsilon,DF,8247.41,9613.43
2026-05-01,Epsilon,ES,3149.65,3671.32
2026-05-01,Epsilon,GO,211645.33,246700.18
2026-05-01,Epsilon,MA,78069.18,90999.79
2026-05-01,Epsilon,MT,466285.39,543516.32
2026-05-01,Epsilon,MS,564182.37,657628.01
2026-05-01,Epsilon,MG,228657.31,266529.86
2026-05-01,Epsilon,PA,151384.61,176458.47
2026-05-01,Epsilon,PB,54332.68,63331.82
2026-05-01,Epsilon,PR,101449.5,118252.6
2026-05-01,Epsilon,PE,142013.9,165535.69
2026-05-01,Epsilon,PI,376176.65,438482.86
2026-05-01,Epsilon,RJ,177354.06,206729.24
2026-05-01,Epsilon,RN,50298.96,58629.99
2026-05-01,Epsilon,RS,87412.56,101890.72
2026-05-01,Epsilon,RO,571415.98,666059.72
2026-05-01,Epsilon,RR,43431.22,50624.74
2026-05-01,Epsilon,SC,241262.62,281223.0
2026-05-01,Epsilon,SP,29733.22,34657.94
2026-05-01,Epsilon,SE,34169.47,39828.96
2026-05-01,Epsilon,TO,398876.96,464943.03
2026-05-01,Omega,AC,106551.15,122254.86
2026-05-01,Omega,AL,64350.25,73834.3
2026-05-01,Omega,AP,76469.67,87739.91
2026-05-01,Omega,AM,94831.19,108807.58
2026-05-01,Omega,BA,41010.9,47055.16
2026-05-01,Omega,CE,34985.71,40141.96
2026-05-01,Omega,DF,249605.99,286393.36
2026-05-01,Omega,ES,63815.98,73221.29
2026-05-01,Omega,GO,100993.56,115878.17
2026-05-01,Omega,MA,515512.18,591489.29
2026-05-01,Omega,MT,5173.74,5936.25
2026-05-01,Omega,MS,50133.74,57522.54
2026-05-01,Omega,MG,117660.29,135001.27
2026-05-01,Omega,PA,331677.97,380561.26
2026-05-01,Omega,PB,252556.84,289779.12
2026-05-01,Omega,PR,347933.51,399212.58
2026-05-01,Omega,PE,52452.67,60183.24
2026-05-01,Omega,PI,127040.7,145764.19
2026-05-01,Omega,RJ,420447.32,482413.6
2026-05-01,Omega,RN,294390.67,337778.49
2026-05-01,Omega,RS,112116.47,128640.4
2026-05-01,Omega,RO,14631.64,16788.08
2026-05-01,Omega,RR,141409.77,162250.99
2026-05-01,Omega,SC,2931.64,3363.71
2026-05-01,Omega,SP,269748.23,309504.21
2026-05-01,Omega,SE,435597.82,499797.01
2026-05-01,Omega,TO,221533.9,254183.97
2026-05-01,Capa,AC,1900.45,5028.459999999999
2026-05-01,Capa,AL,2089.75,5529.27
2026-05-01,Capa,AP,1239.44,3279.43
2026-05-01,Capa,AM,5927.25,15682.87
2026-05-01,Capa,BA,1232.77,3261.77
2026-05-01,Capa,CE,5582.59,14770.93
2026-05-01,Capa,DF,2287.89,6053.51
2026-05-01,Capa,ES,388.23,1027.23
2026-05-01,Capa,GO,6262.6,16570.19
2026-05-01,Capa,MA,1990.83,5267.52
2026-05-01,Capa,MT,297.8,787.94
2026-05-01,Capa,MS,6262.5,16569.91
2026-05-01,Capa,MG,4313.92,11414.18
2026-05-01,Capa,PA,931.0,2463.32
2026-05-01,Capa,PB,1575.65,4168.99
2026-05-01,Capa,PR,7214.39,19088.51
2026-05-01,Capa,PE,1203.77,3185.04
2026-05-01,Capa,PI,2457.17,6501.4
2026-05-01,Capa,RJ,4601.15,12174.16
2026-05-01,Capa,RN,1293.66,3422.88
2026-05-01,Capa,RS,5693.43,15064.22
2026-05-01,Capa,RO,3469.66,9180.36
2026-05-01,Capa,RR,2316.57,6129.39
2026-05-01,Capa,SC,1991.67,5269.75
2026-05-01,Capa,SP,5375.86,14223.96
2026-05-01,Capa,SE,3945.29,10438.83
2026-05-01,Capa,TO,1868.41,4943.62
2026-05-01,Iota,AC,2038.81,4343.48
2026-05-01,Iota,AL,4178.47,8901.79
2026-05-01,Iota,AP,115.76,246.62
2026-05-01,Iota,AM,750.77,1599.43
2026-05-01,Iota,BA,11657.85,24835.83
2026-05-01,Iota,CE,6498.47,13844.31
2026-05-01,Iota,DF,5982.56,12745.21
2026-05-01,Iota,ES,3299.36,7028.94
2026-05-01,Iota,GO,1348.78,2873.43
2026-05-01,Iota,MA,3828.29,8155.77
2026-05-01,Iota,MT,155.21,330.66
2026-05-01,Iota,MS,2949.76,6284.15
2026-05-01,Iota,MG,58.85,125.37
2026-05-01,Iota,PA,1998.52,4257.65
2026-05-01,Iota,PB,17923.65,38184.48
2026-05-01,Iota,PR,1672.3,3562.66
2026-05-01,Iota,PE,4993.84,10638.85
2026-05-01,Iota,PI,2183.92,4652.62
2026-05-01,Iota,RJ,168.38,358.71
2026-05-01,Iota,RN,24.74,52.7
2026-05-01,Iota,RS,688.47,1466.72
2026-05-01,Iota,RO,1072.34,2284.51
2026-05-01,Iota,RR,2130.47,4538.74
2026-05-01,Iota,SC,1194.02,2543.74
2026-05-01,Iota,SP,3208.18,6834.7
2026-05-01,Iota,SE,6392.39,13618.32
2026-05-01,Iota,TO,127.66,271.97
2026-06-01,Alfa,AC,696734.57,597230.65
2026-06-01,Alfa,AL,98243.97,84213.29
2026-06-01,Alfa,AP,41751.24,35788.55
2026-06-01,Alfa,AM,1039346.6,890912.62
2026-06-01,Alfa,BA,1283877.34,1100520.77
2026-06-01,Alfa,CE,401390.63,344066.14
2026-06-01,Alfa,DF,419232.61,359360.03
2026-06-01,Alfa,ES,47948.76,41100.97
2026-06-01,Alfa,GO,364313.07,312283.8
2026-06-01,Alfa,MA,434653.82,372578.86
2026-06-01,Alfa,MT,1493349.62,1280077.33
2026-06-01,Alfa,MS,101868.43,87320.12
2026-06-01,Alfa,MG,230704.66,197756.64
2026-06-01,Alfa,PA,348806.36,298991.68
2026-06-01,Alfa,PB,99230.75,85059.14
2026-06-01,Alfa,PR,831150.39,712449.89
2026-06-01,Alfa,PE,187219.2,160481.55
2026-06-01,Alfa,PI,184594.65,158231.82
2026-06-01,Alfa,RJ,845583.92,724822.1
2026-06-01,Alfa,RN,53306.68,45693.7
2026-06-01,Alfa,RS,421147.25,361001.23
2026-06-01,Alfa,RO,191653.48,164282.54
2026-06-01,Alfa,RR,273788.0,234687.04
2026-06-01,Alfa,SC,355831.04,305013.14
2026-06-01,Alfa,SP,707655.52,606591.9
2026-06-01,Alfa,SE,510680.82,437748.09
2026-06-01,Alfa,TO,562469.43,482140.52
2026-06-01,Beta,AC,210167.06,189835.78999999998
2026-06-01,Beta,AL,626429.61,565829.58
2026-06-01,Beta,AP,20234.86,18277.37
2026-06-01,Beta,AM,348007.0,314341.23
2026-06-01,Beta,BA,213344.85,192706.13
2026-06-01,Beta,CE,63848.72,57672.08
2026-06-01,Beta,DF,853928.39,771320.41
2026-06-01,Beta,ES,613462.65,554117.02
2026-06-01,Beta,GO,625155.23,564678.48
2026-06-01,Beta,MA,129745.15,117193.77
2026-06-01,Beta,MT,279567.1,252522.12
2026-06-01,Beta,MS,382180.5,345208.83
2026-06-01,Beta,MG,254124.12,229540.47
2026-06-01,Beta,PA,318194.15,287412.44
2026-06-01,Beta,PB,313057.64,282772.83
2026-06-01,Beta,PR,182778.77,165096.97
2026-06-01,Beta,PE,133311.78,120415.36
2026-06-01,Beta,PI,133407.82,120502.11
2026-06-01,Beta,RJ,53652.86,48462.54
2026-06-01,Beta,RN,552477.3,499031.32
2026-06-01,Beta,RS,914958.42,826446.46
2026-06-01,Beta,RO,226109.26,204235.72
2026-06-01,Beta,RR,242189.46,218760.35
2026-06-01,Beta,SC,1594191.58,1439971.44
2026-06-01,Beta,SP,601740.97,543529.28
2026-06-01,Beta,SE,468550.78,423223.76
2026-06-01,Beta,TO,87748.52,79259.83
2026-06-01,Gamma,AC,22687.120000000003,24707.98
2026-06-01,Gamma,AL,53229.24,57970.6
2026-06-01,Gamma,AP,174050.97,189554.45
2026-06-01,Gamma,AM,85256.52,92850.69
2026-06-01,Gamma,BA,118089.59,128608.34
2026-06-01,Gamma,CE,98241.36,106992.15
2026-06-01,Gamma,DF,250845.22,273189.1
2026-06-01,Gamma,ES,102395.76,111516.6
2026-06-01,Gamma,GO,125203.43,136355.84
2026-06-01,Gamma,MA,496826.93,541081.48
2026-06-01,Gamma,MT,430722.55,469088.89
2026-06-01,Gamma,MS,13704.22,14924.91
2026-06-01,Gamma,MG,66998.13,72965.94
2026-06-01,Gamma,PA,460561.02,501585.21
2026-06-01,Gamma,PB,8005.67,8718.77
2026-06-01,Gamma,PR,51227.34,55790.38
2026-06-01,Gamma,PE,209488.52,228148.57
2026-06-01,Gamma,PI,196296.92,213781.95
2026-06-01,Gamma,RJ,136096.85,148219.59
2026-06-01,Gamma,RN,125329.36,136492.99
2026-06-01,Gamma,RS,256244.94,279069.8
2026-06-01,Gamma,RO,287221.2,312805.24
2026-06-01,Gamma,RR,362306.32,394578.53
2026-06-01,Gamma,SC,151191.06,164658.31
2026-06-01,Gamma,SP,38978.28,42450.24
2026-06-01,Gamma,SE,195512.21,212927.34
2026-06-01,Gamma,TO,294900.12,321168.16
2026-06-01,Delta,AC,145482.68,155701.53999999998
2026-06-01,Delta,AL,90180.54,96514.89
2026-06-01,Delta,AP,468686.98,501607.92
2026-06-01,Delta,AM,9912.06,10608.29
2026-06-01,Delta,BA,97015.08,103829.49
2026-06-01,Delta,CE,196616.71,210427.22
2026-06-01,Delta,DF,72500.7,77593.2
2026-06-01,Delta,ES,414253.14,443350.6
2026-06-01,Delta,GO,199637.73,213660.44
2026-06-01,Delta,MA,788070.96,843425.68
2026-06-01,Delta,MT,124753.72,133516.52
2026-06-01,Delta,MS,46842.91,50133.2
2026-06-01,Delta,MG,432129.05,462482.13
2026-06-01,Delta,PA,136423.8,146006.31
2026-06-01,Delta,PB,324290.83,347069.27
2026-06-01,Delta,PR,148974.09,159438.14
2026-06-01,Delta,PE,28321.58,30310.91
2026-06-01,Delta,PI,27018.35,28916.14
2026-06-01,Delta,RJ,83820.79,89708.43
2026-06-01,Delta,RN,27116.63,29021.33
2026-06-01,Delta,RS,15848.93,16962.17
2026-06-01,Delta,RO,625067.36,668972.58
2026-06-01,Delta,RR,53415.79,57167.76
2026-06-01,Delta,SC,169862.67,181793.95
2026-06-01,Delta,SP,6643.35,7109.99
2026-06-01,Delta,SE,109656.39,117358.74
2026-06-01,Delta,TO,53740.44,57515.21
2026-06-01,Epsilon,AC,357478.32,396253.76
2026-06-01,Epsilon,AL,70970.47,78668.59
2026-06-01,Epsilon,AP,203210.72,225252.85
2026-06-01,Epsilon,AM,56298.68,62405.36
2026-06-01,Epsilon,BA,217921.98,241559.83
2026-06-01,Epsilon,CE,27060.03,29995.21
2026-06-01,Epsilon,DF,211511.34,234453.84
2026-06-01,Epsilon,ES,235046.77,260542.13
2026-06-01,Epsilon,GO,8246.11,9140.56
2026-06-01,Epsilon,MA,5934.92,6578.68
2026-06-01,Epsilon,MT,176909.79,196099.08
2026-06-01,Epsilon,MS,71223.2,78948.73
2026-06-01,Epsilon,MG,352101.43,390293.64
2026-06-01,Epsilon,PA,857594.97,950617.72
2026-06-01,Epsilon,PB,136878.92,151726.09
2026-06-01,Epsilon,PR,167050.18,185170.0
2026-06-01,Epsilon,PE,56877.1,63046.52
2026-06-01,Epsilon,PI,608966.91,675021.14
2026-06-01,Epsilon,RJ,169086.01,187426.66
2026-06-01,Epsilon,RN,123203.53,136567.33
2026-06-01,Epsilon,RS,112388.38,124579.07
2026-06-01,Epsilon,RO,15594.33,17285.84
2026-06-01,Epsilon,RR,197395.43,218806.78
2026-06-01,Epsilon,SC,32633.44,36173.17
2026-06-01,Epsilon,SP,35191.88,39009.12
2026-06-01,Epsilon,SE,208288.02,230880.89
2026-06-01,Epsilon,TO,12358.9,13699.46
2026-06-01,Omega,AC,146754.22,164840.75
2026-06-01,Omega,AL,13881.88,15592.74
2026-06-01,Omega,AP,51745.66,58122.99
2026-06-01,Omega,AM,244093.02,274175.98
2026-06-01,Omega,BA,137335.12,154260.83
2026-06-01,Omega,CE,76509.21,85938.5
2026-06-01,Omega,DF,39148.9,43973.76
2026-06-01,Omega,ES,144439.56,162240.84
2026-06-01,Omega,GO,67890.09,76257.12
2026-06-01,Omega,MA,100778.47,113198.8
2026-06-01,Omega,MT,177718.63,199621.35
2026-06-01,Omega,MS,317481.94,356609.63
2026-06-01,Omega,MG,646634.7,726328.42
2026-06-01,Omega,PA,231029.24,259502.17
2026-06-01,Omega,PB,182650.16,205160.66
2026-06-01,Omega,PR,633136.08,711166.18
2026-06-01,Omega,PE,55953.55,62849.48
2026-06-01,Omega,PI,118503.23,133108.02
2026-06-01,Omega,RJ,105826.1,118868.52
2026-06-01,Omega,RN,168742.0,189538.41
2026-06-01,Omega,RS,185903.57,208815.04
2026-06-01,Omega,RO,518472.93,582371.51
2026-06-01,Omega,RR,32580.06,36595.35
2026-06-01,Omega,SC,131891.45,148146.25
2026-06-01,Omega,SP,76892.74,86369.3
2026-06-01,Omega,SE,32153.78,36116.54
2026-06-01,Omega,TO,27093.77,30432.91
2026-06-01,Capa,AC,1299.05,2944.2400000000002
2026-06-01,Capa,AL,7153.04,16212.19
2026-06-01,Capa,AP,1464.58,3319.44
2026-06-01,Capa,AM,2692.34,6102.13
2026-06-01,Capa,BA,3331.86,7551.59
2026-06-01,Capa,CE,2857.14,6475.64
2026-06-01,Capa,DF,1709.62,3874.82
2026-06-01,Capa,ES,7370.9,16705.97
2026-06-01,Capa,GO,6595.68,14948.95
2026-06-01,Capa,MA,2468.39,5594.54
2026-06-01,Capa,MT,271.15,614.54
2026-06-01,Capa,MS,1779.43,4033.03
2026-06-01,Capa,MG,1231.94,2792.16
2026-06-01,Capa,PA,2235.09,5065.79
2026-06-01,Capa,PB,1840.09,4170.51
2026-06-01,Capa,PR,2343.17,5310.73
2026-06-01,Capa,PE,3226.87,7313.63
2026-06-01,Capa,PI,3473.12,7871.73
2026-06-01,Capa,RJ,3299.24,7477.66
2026-06-01,Capa,RN,4146.95,9398.96
2026-06-01,Capa,RS,4946.93,11212.09
2026-06-01,Capa,RO,1746.93,3959.37
2026-06-01,Capa,RR,8446.48,19143.74
2026-06-01,Capa,SC,10085.9,22859.45
2026-06-01,Capa,SP,1083.04,2454.68
2026-06-01,Capa,SE,7174.94,16261.83
2026-06-01,Capa,TO,3295.09,7468.23
2026-06-01,Iota,AC,610.28,1170.06
2026-06-01,Iota,AL,2740.3,5253.81
2026-06-01,Iota,AP,1709.69,3277.88
2026-06-01,Iota,AM,16191.36,31042.72
2026-06-01,Iota,BA,5115.43,9807.51
2026-06-01,Iota,CE,2383.48,4569.71
2026-06-01,Iota,DF,5096.84,9771.87
2026-06-01,Iota,ES,1913.96,3669.53
2026-06-01,Iota,GO,275.82,528.81
2026-06-01,Iota,MA,7297.92,13991.86
2026-06-01,Iota,MT,2720.13,5215.15
2026-06-01,Iota,MS,1200.59,2301.82
2026-06-01,Iota,MG,3711.69,7116.19
2026-06-01,Iota,PA,6340.89,12157.0
2026-06-01,Iota,PB,4666.87,8947.51
2026-06-01,Iota,PR,1655.79,3174.54
2026-06-01,Iota,PE,291.2,558.29
2026-06-01,Iota,PI,6216.94,11919.37
2026-06-01,Iota,RJ,2070.65,3969.94
2026-06-01,Iota,RN,107.37,205.86
2026-06-01,Iota,RS,580.95,1113.83
2026-06-01,Iota,RO,162.35,311.26
2026-06-01,Iota,RR,3515.82,6740.67
2026-06-01,Iota,SC,6755.5,12951.91
2026-06-01,Iota,SP,3997.1,7663.39
2026-06-01,Iota,SE,683.5,1310.44
2026-06-01,Iota,TO,8105.62,15540.43
